,ıııııııııııı CASES,,,ıııııııııı,,,,,,RECOVERED,,,,deaths/meth,œ•˜,,,,,DEATHS,,,,,TOTAL,,,NEW DEATHS,RECOV ï¿½ï¿½,,NEW ï¿½ï¿½,,,,,,,,
,,,,ıııııııııııııııııı,ıııııııııııııııı,ıııııııııı-ıııııııı,ıııı ıııııııııııııııııı,ıııı ıııııııııııııııı,ıııı ıııııııııı-ıııııııı,ıııııııııı,ıııııııııı,SUM,,,,ıııııı Daily new,ıııııı Week Avg,,,,New Death,Deaths Week Avg,,,,,,,,,,,,,,,,,
14-03-20,228,,avg 7,57,,avg 5,,,,3,,3,,0,5,,,,avg 7,3,,,,avg 7,8,,avg 7,,,,5,,,,,,,,
15-03-20,331,"45,2%","45,2%",51,-11%,-11%,,,,,,8,,0.125,8,3,,"60,0%","60,0%",4,1,,"33,33%","33,33%",12,"50,00%","50,00%",1,,,4,9,,avg 5,,,100%,,
16-03-20,352,"6,3%","25,8%",65,27%,8%,,,,,,8,,0,9,1,,"12,5%","36,3%",4,0,,"0,00%","16,67%",13,"8,33%","29,17%",0,,,1,10,"11,1%","11,1%",,,#DIV/0!,,
17-03-20,387,"9,9%","20,5%",70,8%,8%,,,,,,8,,0.090909091,11,2,,"22,2%","31,6%",5,1,,"25,00%","19,44%",16,"23,08%","27,14%",1,,,3,13,"30,0%","20,6%",,,100%,,
18-03-20,418,"8,0%","17,4%",79,13%,9%,,,,,,8,,0,13,2,,"18,2%","28,2%",5,0,,"0,00%","14,58%",18,"12,50%","23,48%",0,,,2,15,"15,4%","18,8%",,,#DIV/0!,,
19-03-20,464,"11,0%","16,1%",78,-1%,7%,,,,,,8,,0.0625,16,3,,"23,1%","27,2%",6,1,,"20,00%","15,67%",22,"22,22%","23,23%",1,,,4,19,"26,7%","20,8%",,,100%,,
20-03-20,495,"6,7%","8,4%",90,15%,12%,,,,,,19,,0.15,20,4,,"25,0%","20,2%",9,3,,"50,00%","19,00%",29,"31,82%","19,59%",3,,,7,26,"36,8%","24,0%",,,100%,,
21-03-20,530,"7,1%","8,5%",100,11%,9%,,,,,,19,,0.222222222,18,-2,,"-10,0%","15,7%",13,4,,"44,44%","27,89%",31,"6,90%","19,30%",4,,,2,28,"7,7%","23,3%",,,100%,,
22-03-20,624,"17,7%","9,5%",124,24%,12%,,,,,,19,,0.058823529,34,16,17,"88,9%","25,7%",15,2,"1,6","15,38%","22,12%",49,"58,06%","23,27%",2,,,18,46,"64,3%","27,4%",,,100%,,
23-03-20,695,"11,4%","10,3%",114,-8%,8%,,,,,,19,,0.057142857,35,1,21,"2,9%","24,3%",17,2,"1,9","13,33%","24,02%",52,"6,12%","22,96%",2,,,3,49,"6,5%","26,8%",,,100%,,
24-03-20,743,"6,9%","9,8%",134,18%,12%,,,,,,29,,0.066666667,45,10,26,"28,6%","25,2%",20,3,"2,1","17,65%","22,97%",65,"25,00%","23,23%",3,,,13,62,"26,5%","26,3%",,,100%,,
25-03-20,835,"12,4%","10,5%",134,0%,9%,,,,,,36,,0.037735849,53,8,32,"17,8%","25,2%",22,2,"2,4","10,00%","24,40%",75,"15,38%","23,64%",2,,,10,72,"16,1%","26,4%",,,100%,,
26-03-20,906,"8,5%","10,1%",,,,,,,,,36,,0.070175439,57,4,37,"7,5%","23,0%",26,4,"2,9","18,18%","24,14%",83,"10,67%","21,99%",4,3,,11,83,"15,3%","24,8%",,,57%,,
27-03-20,980,"8,2%","10,3%",,,,,,,,,52,,0.03030303,66,9,44,"15,8%","21,6%",28,2,"2,7","7,69%","18,10%",94,"13,25%","19,34%",2,1,,12,95,"14,5%","21,6%",,,67%,,
28-03-20,1075,"9,7%","10,7%",,,,,,,,,52,,0.057971014,69,3,51,"4,5%","23,7%",32,4,"2,7","14,29%","13,79%",101,"7,45%","19,42%",4,,,7,102,"7,4%","21,5%",,,100%,,
29-03-20,1170,"8,8%","9,4%",,,,,,,,,52,,0.086956522,69,0,56,"0,0%","11,0%",38,6,"3,3","18,75%","14,27%",107,"5,94%","11,97%",6,1,,7,109,"6,9%","13,3%",,,86%,,
30-03-20,1226,"4,8%","8,5%",,,,,,,,,52,,0.069444444,72,3,62,"4,3%","11,2%",43,5,"3,7","13,16%","14,24%",115,"7,48%","12,17%",5,5,,9,118,"8,3%","13,6%",,,50%,,
31-03-20,1328,"8,3%","8,7%",,,,,,,,,52,,0.070588235,85,13,67,"18,1%","9,7%",49,6,"4,1","13,95%","13,72%",134,"16,52%","10,96%",6,6,,20,138,"16,9%","12,2%",,,50%,,
01-04-20,1429,"7,6%","8,0%",,,,,,,,,,,0.011111111,90,5,73,"5,9%","8,0%",50,1,"4,0","2,04%","12,58%",140,"4,48%","9,40%",1,9,,9,147,"6,5%","10,8%",,,10%,,
02-04-20,1558,"9,0%","8,1%",,,,,,,,,,,0.032967033,91,1,77,"1,1%","7,1%",53,3,"3,9","6,00%","10,84%",144,"2,86%","8,28%",3,11,,6,153,"4,1%","9,2%",,,21%,,
03-04-20,1627,"4,4%","7,5%",,,,,,,,,,,0.065217391,92,1,81,"1,1%","5,0%",59,6,"4,4","11,32%","11,36%",151,"4,86%","7,08%",6,11,,7,160,"4,6%","7,8%",,,35%,,
04-04-20,1687,"3,7%","6,7%",,,,,,,,,,,0.098901099,91,-1,84,"-1,1%","4,2%",68,9,"5,1","15,25%","11,50%",159,"5,30%","6,78%",9,10,,7,167,"4,4%","7,4%",,,47%,,
05-04-20,1749,"3,7%","5,9%",,,,,,,,,,,0.053763441,93,2,88,"2,2%","4,5%",73,5,"5,0","7,35%","9,87%",166,"4,40%","6,56%",5,10,,7,174,"4,2%","7,0%",,,33%,,
06-04-20,1769,"1,1%","5,4%",,,,,,,,,,,0.066666667,90,-3,90,"-3,2%","3,4%",79,6,"5,1","8,22%","9,16%",169,"1,81%","5,75%",6,9,,2,176,"1,1%","6,0%",,,40%,,
07-04-20,1846,"4,4%","4,8%",,,,,,,,,,,0.022222222,90,0,91,"0,0%","0,9%",81,2,"4,6","2,53%","7,53%",171,"1,18%","3,56%",2,10,,3,179,"1,7%","3,8%",,,17%,,
08-04-20,1898,"2,8%","4,2%",,,,,,,,,,,0.023809524,84,-6,90,"-6,7%","-0,9%",83,2,"4,7","2,47%","7,59%",167,"-2,34%","2,58%",2,14,,0,179,"0,0%","2,9%",,,13%,,
09-04-20,1969,"3,7%","3,4%",,,,,,,,,,,0.037974684,79,-5,88,"-6,0%","-1,9%",86,3,"4,7","3,61%","7,25%",165,"-1,20%","2,00%",3,16,,0,179,"0,0%","2,3%",,,16%,,
10-04-20,2023,"2,7%","3,2%",,,,,,,,,,,0.051948052,77,-2,86,"-2,5%","-2,5%",90,4,"4,4","4,65%","6,30%",167,"1,21%","1,48%",4,16,,2,181,"1,1%","1,8%",,,20%,,
11-04-20,2095,"3,6%","3,1%",,,,,,,,,,,0.04,75,-2,84,"-2,6%","-2,7%",93,3,"3,6","3,33%","4,60%",168,"0,60%","0,81%",3,16,,1,182,"0,6%","1,2%",,90,16%,,
12-04-20,2128,"1,6%","2,8%",,,,,,,,,,,0.065789474,76,1,82,"1,3%","-2,8%",98,5,"3,6","5,38%","4,31%",174,"3,57%","0,69%",5,16,,6,188,"3,3%","1,1%",,94,24%,,
13-04-20,2159,"1,5%","2,9%",,,,,,,,,,,0.01369863,73,-3,79,"-3,9%","-2,9%",99,1,"2,9","1,02%","3,29%",172,"-1,15%","0,27%",1,16,,-2,186,"-1,1%","0,8%",,95,6%,,
14-04-20,2184,"1,2%","2,4%",,,,,,,,,,,0.026315789,76,3,77,"4,1%","-2,3%",101,2,"2,9","2,02%","3,21%",177,"2,91%","0,51%",2,27,,16,202,"8,6%","1,8%",,96,7%,,
15-04-20,2206,"1,0%","2,2%",,,,,,,,,,,0.013888889,72,-4,75,"-5,3%","-2,1%",102,1,"2,7","0,99%","3,00%",174,"-1,69%","0,61%",1,29,,-1,201,"-0,5%","1,7%",,97,3%,,
16-04-20,2221,"0,7%","1,7%",,,,,,,,,,,0.043478261,69,-3,74,"-4,2%","-1,9%",105,3,"2,7","2,94%","2,90%",174,"0,00%","0,78%",3,33,,4,205,"2,0%","2,0%",,99,8%,,
17-04-20,2238,"0,8%","1,5%",,,,,,,,,,,0.043478261,69,0,73,"0,0%","-1,5%",108,3,"2,6","2,86%","2,65%",177,"1,72%","0,85%",3,35,,5,210,"2,4%","2,2%",,99,8%,,
18-04-20,2249,"0,5%","1,0%",,,,,,,,,,,0.029850746,67,-2,72,"-2,9%","-1,5%",110,2,"2,4","1,85%","2,44%",177,"0,00%","0,77%",2,35,,0,210,"0,0%","2,1%",,97,5%,,
19-04-20,2249,"0,0%","0,8%",,,,,,,,,,,0,67,0,70,"0,0%","-1,7%",110,0,"1,7","0,00%","1,67%",177,"0,00%","0,26%",0,35,,0,210,"0,0%","1,6%",,95,0%,,
20-04-20,2259,"0,4%","0,6%",,,,,,,,,,,0.098360656,61,-6,69,"-9,0%","-2,5%",116,6,"2,4","5,45%","2,30%",177,"0,00%","0,42%",6,44,,9,219,"4,3%","2,4%",,99,12%,,
21-04-20,2415,"6,9%","1,5%",,,,,,,,,,,0.084745763,59,-2,66,"-3,3%","-3,5%",121,5,"2,9","4,31%","2,63%",180,"1,69%","0,25%",5,46,,5,224,"2,3%","1,5%",,101,10%,,
22-04-20,2422,"0,3%","1,4%",,,,,,,,,,,0,55,-4,64,"-6,8%","-3,7%",121,0,"2,7","0,00%","2,49%",176,"-2,22%","0,17%",0,51,,1,225,"0,4%","1,6%",,99,0%,,
23-04-20,2477,"2,3%","1,6%",,,,,,,,,,,0.076923077,52,-3,61,"-5,5%","-3,9%",125,4,"2,9","3,31%","2,54%",177,"0,57%","0,25%",4,57,,7,232,"3,1%","1,8%",,99,7%,,
24-04-20,2504,"1,1%","1,6%",,,,,,,,,,,0.104166667,48,-4,58,"-7,7%","-5,0%",130,5,"3,1","4,00%","2,70%",178,"0,56%","0,09%",5,60,,4,236,"1,7%","1,7%",,102,8%,,
25-04-20,2520,"0,6%","1,7%",,,,,,,,,,,0,47,-1,56,"-2,1%","-4,9%",130,0,"2,9","0,00%","2,44%",177,"-0,56%","0,01%",0,63,,2,238,"0,8%","1,8%",,98,0%,,
26-04-20,2531,"0,4%","1,7%",,,,,,,,,,,0.086956522,46,-1,53,"-2,1%","-5,2%",134,4,"3,4","3,08%","2,88%",180,"1,69%","0,25%",4,64,,4,242,"1,7%","2,1%",,96,6%,,
27-04-20,2548,"0,7%","1,8%",,,,,,,,,,,0.046511628,43,-3,50,"-6,5%","-4,8%",136,2,"2,9","1,49%","2,31%",179,"-0,56%","0,17%",2,65,,0,242,"0,0%","1,4%",,93,3%,,
28-04-20,2580,"1,3%","1,0%",,,,,,,,,,,0.05,40,-3,47,"-7,0%","-5,4%",138,2,"2,4","1,47%","1,91%",178,"-0,56%","-0,15%",2,70,,4,246,"1,7%","1,4%",,89,3%,,
29-04-20,2590,"0,4%","1,0%",,,,,,,,,,,0.024390244,41,1,45,"2,5%","-4,1%",139,1,"2,6","0,72%","2,01%",180,"1,12%","0,33%",1,71,,3,249,"1,2%","1,5%",,89,1%,,
30-04-20,2605,"0,6%","0,7%",,,,,,,,,,,0.026315789,38,-3,43,"-7,3%","-4,3%",140,1,"2,1","0,72%","1,64%",178,"-1,11%","0,09%",1,74,,1,250,"0,4%","1,1%",,87,1%,,
01-05-20,2626,"0,8%","0,7%",,,,,,,,,,,0,36,-2,42,"-5,3%","-4,0%",140,0,"1,4","0,00%","1,07%",176,"-1,12%","-0,16%",0,75,,-1,249,"-0,4%","0,8%",,81,0%,,
02-05-20,2634,"0,3%","0,6%",,,,,,,,,,,0.081081081,37,1,40,"2,8%","-3,3%",143,3,"1,9","2,14%","1,38%",180,"2,27%","0,25%",3,77,,6,255,"2,4%","1,0%",,75,4%,,
03-05-20,2640,"0,2%","0,6%",,,,,,,,,,,0.027027027,37,0,39,"0,0%","-3,0%",144,1,"1,4","0,70%","1,04%",181,"0,56%","0,09%",1,78,,2,257,"0,8%","0,9%",,71,1%,,
04-05-20,2646,"0,2%","0,5%",,,,,,,,,,,0.057142857,35,-2,38,"-5,4%","-2,8%",146,2,"1,4","1,39%","1,02%",181,"0,00%","0,17%",2,81,,3,260,"1,2%","1,0%",,67,2%,,
05-05-20,2656,"0,4%","0,4%",,,,,,,,,,,0,35,0,37,"0,0%","-1,8%",146,0,"1,1","0,00%","0,81%",181,"0,00%","0,25%",0,81,,0,260,"0,0%","0,8%",,65,0%,,
06-05-20,2677,"0,8%","0,5%",,,,,,,,,,,0.027777778,36,1,36,"2,9%","-1,8%",147,1,"1,1","0,68%","0,81%",183,"1,10%","0,24%",1,82,,3,263,"1,2%","0,8%",,64,1%,,
07-05-20,2692,"0,6%","0,5%",,,,,,,,,,,0.03030303,33,-3,36,"-8,3%","-1,9%",148,1,"1,1","0,68%","0,80%",181,"-1,09%","0,25%",1,85,,1,264,"0,4%","0,8%",,62,1%,,
08-05-20,2705,"0,5%","0,4%",,,,,,,,,,,0.0625,32,-1,35,"-3,0%","-1,6%",150,2,"1,4","1,35%","0,99%",182,"0,55%","0,48%",2,85,,1,265,"0,4%","0,9%",,60,2%,,
09-05-20,2724,"0,7%","0,5%",,,,,,,,,,,0.035714286,28,-4,34,"-12,5%","-3,8%",151,1,"1,1","0,67%","0,78%",179,"-1,65%","-0,08%",1,86,,-2,263,"-0,8%","0,4%",,58,1%,,
10-05-20,2730,"0,2%","0,5%",,,,,,,,,,,0,30,2,33,"7,1%","-2,8%",151,0,"1,0","0,00%","0,68%",181,"1,12%","0,00%",0,87,,3,266,"1,1%","0,5%",,53,0%,,
11-05-20,2740,"0,4%","0,5%",,,,,,,,,,,0,32,2,32,"6,7%","-1,0%",151,0,"0,7","0,00%","0,48%",183,"1,10%","0,16%",0,87,,2,268,"0,8%","0,4%",,52,0%,,
12-05-20,2758,"0,7%","0,5%",,,,,,,,,,,0.03125,32,0,32,"0,0%","-1,0%",152,1,"0,9","0,66%","0,58%",184,"0,55%","0,24%",1,88,,2,270,"0,7%","0,5%",,51,1%,,
13-05-20,2774,"0,6%","0,5%",,,,,,,,,,,0.107142857,28,-4,31,"-12,5%","-3,2%",155,3,"1,1","1,97%","0,76%",183,"-0,54%","0,01%",3,88,,-1,269,"-0,4%","0,3%",,53,3%,,
14-05-20,2784,"0,4%","0,5%",,,,,,,,,,,0.041666667,24,-4,29,"-14,3%","-4,1%",156,1,"1,1","0,65%","0,76%",180,"-1,64%","-0,07%",1,90,,-1,268,"-0,4%","0,2%",,51,1%,,
15-05-20,2824,"1,4%","0,6%",,,,,,,,,,,0.173913043,23,-1,28,"-4,2%","-4,2%",160,4,"1,4","2,56%","0,93%",183,"1,67%","0,09%",4,90,,3,271,"1,1%","0,3%",,52,4%,,
16-05-20,2833,"0,3%","0,6%",,,,,,,,,,,0.086956522,23,0,27,"0,0%","-2,4%",162,2,"1,6","1,25%","1,01%",185,"1,09%","0,48%",2,90,,2,273,"0,7%","0,5%",,52,2%,,
17-05-20,2848,"0,5%","0,6%",,,,,,,,,,,0.045454545,22,-1,26,"-4,3%","-4,1%",163,1,"1,7","0,62%","1,10%",185,"0,00%","0,32%",1,90,,0,273,"0,0%","0,4%",,53,1%,,
18-05-20,2850,"0,1%","0,6%",,,,,,,,,,,0.083333333,24,2,25,"9,1%","-3,7%",165,2,"2,0","1,23%","1,28%",189,"2,16%","0,47%",2,90,,4,277,"1,5%","0,5%",,49,2%,,
19-05-20,2854,"0,1%","0,5%",,,,,,,,,,,0,22,-2,24,"-8,3%","-4,9%",165,0,"1,9","0,00%","1,18%",187,"-1,06%","0,24%",0,90,,-2,275,"-0,7%","0,3%",,44,0%,,
20-05-20,2864,"0,4%","0,5%",,,,,,,,,,,0.045454545,22,0,23,"0,0%","-3,1%",166,1,"1,6","0,61%","0,99%",188,"0,53%","0,39%",1,96,,7,282,"2,5%","0,7%",,45,1%,,
21-05-20,2867,"0,1%","0,4%",,,,,,,,,,,0.095238095,21,-1,22,"-4,5%","-1,8%",168,2,"1,7","1,20%","1,07%",189,"0,53%","0,70%",2,98,,3,285,"1,1%","0,9%",,43,2%,,
22-05-20,2887,"0,7%","0,3%",,,,,,,,,,,0.052631579,19,-2,22,"-9,5%","-2,5%",169,1,"1,3","0,60%","0,79%",188,"-0,53%","0,39%",1,98,,-1,284,"-0,4%","0,7%",,39,1%,,
23-05-20,2890,"0,1%","0,3%",,,,,,,,,,,0.1,20,1,21,"5,3%","-1,8%",171,2,"1,3","1,18%","0,78%",191,"1,60%","0,46%",2,99,,4,288,"1,4%","0,8%",,41,2%,,
24-05-20,2892,"0,1%","0,2%",,,,,,,,,,,0,19,-1,21,"-5,0%","-1,9%",171,0,"1,1","0,00%","0,69%",190,"-0,52%","0,39%",0,100,,0,288,"0,0%","0,8%",,37,0%,,
25-05-20,2896,"0,1%","0,2%",,,,,,,,,,,0.055555556,18,-1,20,"-5,3%","-3,9%",172,1,"1,0","0,58%","0,60%",190,"0,00%","0,08%",1,101,,1,289,"0,3%","0,6%",,36,1%,,
26-05-20,2903,"0,2%","0,2%",,,,,,,,,,,0.055555556,18,0,20,"0,0%","-2,7%",173,1,"1,1","0,58%","0,68%",191,"0,53%","0,31%",1,101,,1,290,"0,3%","0,8%",,35,1%,,
27-05-20,2917,"0,5%","0,3%",,,,,,,,,,,0,17,-1,19,"-5,6%","-3,5%",173,0,"1,0","0,00%","0,59%",190,"-0,52%","0,15%",0,102,,0,290,"0,0%","0,4%",,34,0%,,
28-05-20,2920,"0,1%","0,3%",,,,,,,,,,,0.125,16,-1,18,"-5,9%","-3,7%",175,2,"1,0","1,16%","0,59%",191,"0,53%","0,15%",2,102,,1,291,"0,3%","0,3%",,35,2%,,
29-05-20,2923,"0,1%","0,2%",,,,,,,,,,,0,16,0,18,"0,0%","-2,3%",175,0,"0,9","0,00%","0,50%",191,"0,00%","0,23%",0,105,,3,294,"1,0%","0,5%",,35,0%,,
30-05-20,2930,"0,2%","0,2%",,,,,,,,,,,0,14,-2,17,"-12,5%","-4,9%",175,0,"0,6","0,00%","0,33%",189,"-1,05%","-0,15%",0,106,,-1,293,"-0,3%","0,2%",,32,0%,,
31-05-20,2932,"0,1%","0,2%",,,,,,,,,,,0,13,-1,16,"-7,1%","-5,2%",175,0,"0,6","0,00%","0,33%",188,"-0,53%","-0,15%",0,106,,-1,292,"-0,3%","0,2%",,31,0%,,
01-06-20,2934,"0,1%","0,2%",,,,,,,,,,,0.333333333,12,-1,15,"-7,7%","-5,5%",179,4,"1,0","2,29%","0,57%",191,"1,60%","0,08%",4,106,,3,295,"1,0%","0,3%",,33,4%,,
02-06-20,2951,"0,6%","0,2%",,,,,,,,,,,0,11,-1,14,"-8,3%","-6,7%",179,0,"0,9","0,00%","0,49%",190,"-0,52%","-0,07%",0,106,,-1,294,"-0,3%","0,2%",,33,0%,,
03-06-20,2957,"0,2%","0,2%",,,,,,,,,,,0,11,0,13,"0,0%","-5,9%",179,0,"0,9","0,00%","0,49%",190,"0,00%","0,00%",0,106,,0,294,"0,0%","0,2%",,32,0%,,
04-06-20,2966,"0,3%","0,2%",,,,,,,,,,,0.111111111,9,-2,12,"-18,2%","-7,7%",180,1,"0,7","0,56%","0,41%",189,"-0,53%","-0,15%",1,106,,-1,293,"-0,3%","0,1%",,32,1%,,
05-06-20,2981,"0,5%","0,3%",,,,,,,,,,,0,9,0,11,"0,0%","-7,7%",180,0,"0,7","0,00%","0,41%",189,"0,00%","-0,15%",0,106,,0,293,"0,0%","0,0%",,30,0%,,
06-06-20,2994,"0,4%","0,3%",,,,,,,,,,,0,9,0,11,"0,0%","-5,9%",180,0,"0,7","0,00%","0,41%",189,"0,00%","0,00%",0,106,,0,293,"0,0%","0,0%",,29,0%,,
07-06-20,3011,"0,6%","0,4%",,,,,,,,,,,0,9,0,10,"0,0%","-4,9%",180,0,"0,7","0,00%","0,41%",189,"0,00%","0,08%",0,106,,0,293,"0,0%","0,0%",,29,0%,,
08-06-20,3063,"1,7%","0,6%",,,,,,,,,,,0.2,10,1,10,"11,1%","-2,2%",182,2,"0,4","1,11%","0,24%",192,"1,59%","0,08%",2,115,,12,305,"4,1%","0,5%",,31,2%,,
09-06-20,3072,"0,3%","0,6%",,,,,,,,,,,0.1,10,0,10,"0,0%","-1,0%",183,1,"0,6","0,55%","0,32%",193,"0,52%","0,23%",1,115,,1,306,"0,3%","0,6%",,31,1%,,
10-06-20,3082,"0,3%","0,6%",,,,,,,,,,,0,12,2,10,"20,0%","1,8%",183,0,"0,6","0,00%","0,32%",195,"1,04%","0,37%",0,115,,2,308,"0,7%","0,7%",,28,0%,,
11-06-20,3102,"0,6%","0,6%",,,,,,,,,,,0,14,2,10,"16,7%","6,8%",183,0,"0,4","0,00%","0,24%",197,"1,03%","0,60%",0,115,,2,310,"0,6%","0,8%",,27,0%,,
12-06-20,3122,"0,6%","0,7%",,,,,,,,,,,0,14,0,11,"0,0%","6,8%",183,0,"0,4","0,00%","0,24%",197,"0,00%","0,60%",0,116,,1,311,"0,3%","0,9%",,23,0%,,
13-06-20,3126,"0,1%","0,6%",,,,,,,,,,,0,13,-1,12,"-7,1%","5,8%",183,0,"0,4","0,00%","0,24%",196,"-0,51%","0,52%",0,116,,-1,310,"-0,3%","0,8%",,21,0%,,
14-06-20,3135,"0,3%","0,6%",,,,,,,,,,,0,13,0,12,"0,0%","5,8%",183,0,"0,4","0,00%","0,24%",196,"0,00%","0,52%",0,116,,0,310,"0,0%","0,8%",,20,0%,,
15-06-20,3148,"0,4%","0,4%",,,,,,,,,,,0.076923077,13,0,13,"0,0%","4,2%",184,1,"0,3","0,55%","0,16%",197,"0,51%","0,37%",1,117,,2,312,"0,6%","0,3%",,19,1%,,
16-06-20,3162,"0,4%","0,4%",,,,,,,,,,,0.083333333,12,-1,13,"-7,7%","3,1%",185,1,"0,3","0,54%","0,16%",197,"0,00%","0,29%",1,117,,0,312,"0,0%","0,3%",,20,1%,,
17-06-20,3217,"1,7%","0,6%",,,,,,,,,,,0.181818182,11,-1,13,"-8,3%","-0,9%",187,2,"0,6","1,08%","0,31%",198,"0,51%","0,22%",2,117,,1,313,"0,3%","0,2%",,21,2%,,
18-06-20,3241,"0,7%","0,6%",,,,,,,,,,,0.1,10,-1,12,"-9,1%","-4,6%",188,1,"0,7","0,53%","0,39%",198,"0,00%","0,07%",1,117,,0,313,"0,0%","0,1%",,20,1%,,
19-06-20,3251,"0,3%","0,6%",,,,,,,,,,,0.1,10,0,12,"0,0%","-4,6%",189,1,"0,9","0,53%","0,46%",199,"0,51%","0,15%",1,117,,1,314,"0,3%","0,1%",,20,1%,,
20-06-20,3270,"0,6%","0,6%",,,,,,,,,,,0.1,10,0,11,"0,0%","-3,6%",190,1,"1,0","0,53%","0,54%",200,"0,50%","0,29%",1,117,,1,315,"0,3%","0,2%",,19,1%,,
21-06-20,3280,"0,3%","0,6%",,,,,,,,,,,0,9,-1,11,"-10,0%","-5,0%",190,0,"1,0","0,00%","0,54%",199,"-0,50%","0,22%",0,117,,-1,314,"-0,3%","0,2%",,19,0%,,
22-06-20,3301,"0,6%","0,7%",,,,,,,,,,,0,8,-1,10,"-11,1%","-6,6%",190,0,"0,9","0,00%","0,46%",198,"-0,50%","0,07%",0,117,,-1,313,"-0,3%","0,0%",,18,0%,,
23-06-20,3316,"0,5%","0,7%",,,,,,,,,,,0,8,0,9,"0,0%","-5,5%",190,0,"0,7","0,00%","0,38%",198,"0,00%","0,07%",0,118,,1,314,"0,3%","0,1%",,17,0%,,
24-06-20,3324,"0,2%","0,5%",,,,,,,,,,,0,8,0,9,"0,0%","-4,3%",190,0,"0,4","0,00%","0,23%",198,"0,00%","0,00%",0,118,,0,314,"0,0%","0,0%",,17,0%,,
25-06-20,3335,"0,3%","0,4%",,,,,,,,,,,0.111111111,9,1,9,"12,5%","-1,2%",191,1,"0,4","0,53%","0,23%",200,"1,01%","0,15%",1,119,,3,317,"1,0%","0,2%",,16,1%,,
26-06-20,3357,"0,7%","0,5%",,,,,,,,,,,0,11,2,9,"22,2%","1,9%",191,0,"0,3","0,00%","0,15%",202,"1,00%","0,22%",0,119,,2,319,"0,6%","0,2%",,16,0%,,
27-06-20,3380,"0,7%","0,5%",,,,,,,,,,,0,11,0,9,"0,0%","1,9%",191,0,"0,1","0,00%","0,08%",202,"0,00%","0,14%",0,119,,0,319,"0,0%","0,2%",,16,0%,,
28-06-20,3390,"0,3%","0,5%",,,,,,,,,,,0,10,-1,9,"-9,1%","2,1%",191,0,"0,1","0,00%","0,08%",201,"-0,50%","0,14%",0,119,,-1,318,"-0,3%","0,2%",,16,0%,,
29-06-20,3404,"0,4%","0,4%",,,,,,,,,,,0,11,1,10,"10,0%","5,1%",191,0,"0,1","0,00%","0,08%",202,"0,50%","0,29%",0,119,,1,319,"0,3%","0,3%",,12,0%,,
30-06-20,3423,"0,6%","0,5%",,,,,,,,,,,0.111111111,9,-2,10,"-18,2%","2,5%",192,1,"0,3","0,52%","0,15%",201,"-0,50%","0,22%",1,118,,-2,317,"-0,6%","0,1%",,13,1%,,
01-07-20,3446,"0,7%","0,5%",,,,,,,,,,,0,9,0,10,"0,0%","2,5%",192,0,"0,3","0,00%","0,15%",201,"0,00%","0,22%",0,119,,1,318,"0,3%","0,2%",,13,0%,,
02-07-20,3472,"0,8%","0,6%",,,,,,,,,,,0,8,-1,10,"-11,1%","-0,9%",192,0,"0,1","0,00%","0,07%",200,"-0,50%","0,00%",0,119,,-1,317,"-0,3%","0,0%",,12,0%,,
03-07-20,3500,"0,8%","0,6%",,,,,,,,,,,0,8,0,9,"0,0%","-4,1%",192,0,"0,1","0,00%","0,07%",200,"0,00%","-0,14%",0,119,,0,317,"0,0%","-0,1%",,12,0%,,
04-07-20,3525,"0,7%","0,6%",,,,,,,,,,,0,11,3,9,"37,5%","1,3%",192,0,"0,1","0,00%","0,07%",203,"1,50%","0,07%",0,119,,3,320,"0,9%","0,0%",,12,0%,,
05-07-20,3533,"0,2%","0,6%",,,,,,,,,,,0,11,0,10,"0,0%","2,6%",192,0,"0,1","0,00%","0,07%",203,"0,00%","0,14%",0,119,,0,320,"0,0%","0,1%",,12,0%,,
06-07-20,3576,"1,2%","0,7%",,,,,,,,,,,0,11,0,10,"0,0%","1,2%",192,0,"0,1","0,00%","0,07%",203,"0,00%","0,07%",0,120,,1,321,"0,3%","0,1%",,10,0%,,
07-07-20,3603,"0,8%","0,7%",,,,,,,,,,,0.1,10,-1,10,"-9,1%","2,5%",193,1,"0,1","0,52%","0,07%",203,"0,00%","0,14%",1,121,,1,322,"0,3%","0,2%",,10,1%,,
08-07-20,3636,"0,9%","0,8%",,,,,,,,,,,0,9,-1,10,"-10,0%","1,0%",193,0,"0,1","0,00%","0,07%",202,"-0,49%","0,07%",0,121,,-1,321,"-0,3%","0,1%",,10,0%,,
09-07-20,3686,"1,4%","0,9%",,,,,,,,,,,0,9,0,10,"0,0%","2,6%",193,0,"0,1","0,00%","0,07%",202,"0,00%","0,14%",0,122,,1,322,"0,3%","0,2%",,10,0%,,
10-07-20,3746,"1,6%","1,0%",,,,,,,,,,,0,9,0,10,"0,0%","2,6%",193,0,"0,1","0,00%","0,07%",202,"0,00%","0,14%",0,123,,1,323,"0,3%","0,3%",,10,0%,,
11-07-20,3786,"1,1%","1,0%",,,,,,,,,,,0,9,0,10,"0,0%","-2,7%",193,0,"0,1","0,00%","0,07%",202,"0,00%","-0,07%",0,123,,0,323,"0,0%","0,1%",,10,0%,,
12-07-20,3817,"0,8%","1,1%",,,,,,,,,,,0,10,1,10,"11,1%","-1,1%",193,0,"0,1","0,00%","0,07%",203,"0,50%","0,00%",0,122,,0,323,"0,0%","0,1%",,10,0%,,
13-07-20,3840,"0,6%","1,0%",,,,,,,,,,,0,12,2,10,"20,0%","1,7%",193,0,"0,1","0,00%","0,07%",205,"0,99%","0,14%",0,122,,2,325,"0,6%","0,2%",,9,0%,,
14-07-20,3897,"1,5%","1,1%",,,,,,,,,,,0,13,1,10,"8,3%","4,2%",193,0,"0,0","0,00%","0,00%",206,"0,49%","0,21%",0,122,,1,326,"0,3%","0,2%",,8,0%,,
15-07-20,3924,"0,7%","1,1%",,,,,,,,,,,0,13,0,11,"0,0%","5,6%",193,0,"0,0","0,00%","0,00%",206,"0,00%","0,28%",0,123,,1,327,"0,3%","0,3%",,6,0%,,
16-07-20,3953,"0,7%","1,0%",,,,,,,,,,,0,14,1,11,"7,7%","6,7%",193,0,"0,0","0,00%","0,00%",207,"0,49%","0,35%",0,123,,1,328,"0,3%","0,3%",,5,0%,,
17-07-20,3978,"0,6%","0,9%",,,,,,,,,,,0.083333333,12,-2,12,"-14,3%","4,7%",194,1,"0,1","0,52%","0,07%",206,"-0,48%","0,28%",1,124,,0,328,"0,0%","0,2%",,5,1%,,
18-07-20,3997,"0,5%","0,8%",,,,,,,,,,,0,12,0,12,"0,0%","4,7%",194,0,"0,1","0,00%","0,07%",206,"0,00%","0,28%",0,124,,0,328,"0,0%","0,2%",,4,0%,,
19-07-20,4021,"0,6%","0,7%",450,,,435,,,1.03,2.347,3.377,,0,13,1,13,"8,3%","4,3%",194,0,"0,1","0,00%","0,07%",207,"0,49%","0,28%",0,124,,1,329,"0,3%","0,3%",,4,0%,,
20-07-20,4026,"0,1%","0,7%",,,,,,,,,,,0.083333333,12,-1,13,"-7,7%","0,3%",195,1,"0,3","0,52%","0,15%",207,"0,00%","0,14%",1,124,,0,329,"0,0%","0,2%",,5,1%,,
21-07-20,4062,"0,9%","0,6%",,,,,,,,,,,0.2,10,-2,12,"-16,7%","-3,2%",197,2,"0,6","1,03%","0,29%",207,"0,00%","0,07%",2,124,,0,329,"0,0%","0,1%",,7,2%,,
22-07-20,4091,"0,7%","0,6%",,,,,,,,,,,0.3,10,0,12,"0,0%","-3,2%",200,3,"1,0","1,52%","0,51%",210,"1,45%","0,28%",3,124,,3,332,"0,9%","0,2%",,10,2%,,
23-07-20,4124,"0,8%","0,6%",,,,,,,,,,,0.125,8,-2,11,"-20,0%","-7,2%",201,1,"1,1","0,50%","0,58%",209,"-0,48%","0,14%",1,125,,0,332,"0,0%","0,2%",,10,1%,,
24-07-20,4150,"0,6%","0,6%",,,,,,,,,,,0,8,0,10,"0,0%","-5,1%",201,0,"1,0","0,00%","0,51%",209,"0,00%","0,21%",0,127,,2,334,"0,6%","0,3%",,10,0%,,
25-07-20,4180,"0,7%","0,6%",,,,,,,,,,,0,10,2,10,"25,0%","-1,6%",201,0,"1,0","0,00%","0,51%",211,"0,96%","0,35%",0,127,,2,336,"0,6%","0,3%",,10,0%,,
26-07-20,4207,"0,6%","0,6%",,,,,,,,,,,0.111111111,9,-1,10,"-10,0%","-4,2%",202,1,"1,1","0,50%","0,58%",211,"0,00%","0,28%",1,127,,0,336,"0,0%","0,3%",,11,1%,,
27-07-20,4241,"0,8%","0,7%",,,,,,,,,,,0,9,0,9,"0,0%","-3,1%",202,0,"1,0","0,00%","0,51%",211,"0,00%","0,28%",0,127,,0,336,"0,0%","0,3%",,11,0%,,
28-07-20,4293,"1,2%","0,8%",,,,,,,,,,,0.125,8,-1,9,"-11,1%","-2,3%",203,1,"0,9","0,50%","0,43%",211,"0,00%","0,28%",1,127,,0,336,"0,0%","0,3%",,11,1%,,
29-07-20,4350,"1,3%","0,9%",,,,,,,,,,,0,8,0,9,"0,0%","-2,3%",203,0,"0,4","0,00%","0,21%",211,"0,00%","0,07%",0,127,,0,336,"0,0%","0,2%",,11,0%,,
30-07-20,4415,"1,5%","1,0%",,,,,,,,,,,0,7,-1,8,"-12,5%","-1,2%",203,0,"0,3","0,00%","0,14%",210,"-0,47%","0,07%",0,127,,-1,335,"-0,3%","0,1%",,11,0%,,
31-07-20,4491,"1,7%","1,1%",,,,,,,,,,,0.333333333,9,2,9,"28,6%","2,9%",206,3,"0,7","1,48%","0,35%",215,"2,38%","0,41%",3,127,,5,340,"1,5%","0,3%",,14,2%,,
01-08-20,4601,"2,4%","1,4%",,,,,,,,,,,0,10,1,9,"11,1%","0,9%",206,0,"0,7","0,00%","0,35%",216,"0,47%","0,34%",0,127,,1,341,"0,3%","0,2%",,14,0%,,
02-08-20,4676,"1,6%","1,5%",,,,,,,,,,,0.166666667,12,2,9,"20,0%","5,2%",208,2,"0,9","0,97%","0,42%",220,"1,85%","0,60%",2,128,,5,346,"1,5%","0,4%",,16,2%,,
03-08-20,4751,"1,6%","1,6%",,,,,,,,,,,0.076923077,13,1,10,"8,3%","6,3%",209,1,"1,0","0,48%","0,49%",222,"0,91%","0,73%",1,128,,2,348,"0,6%","0,5%",,17,1%,,
04-08-20,4872,"2,5%","1,8%",,,,,,,,,,,0,13,0,10,"0,0%","7,9%",209,0,"0,9","0,00%","0,42%",222,"0,00%","0,73%",0,129,,1,349,"0,3%","0,5%",,16,0%,,
05-08-20,4987,"2,4%","2,0%",,,,,,,,,,,0.076923077,13,0,11,"0,0%","7,9%",210,1,"1,0","0,48%","0,49%",223,"0,45%","0,80%",1,129,,1,350,"0,3%","0,6%",,17,1%,,
06-08-20,5137,"3,0%","2,2%",,,,,,,,,,,0,14,1,12,"7,7%","10,8%",210,0,"1,0","0,00%","0,49%",224,"0,45%","0,93%",0,129,,1,351,"0,3%","0,7%",,17,0%,,
07-08-20,5284,"2,9%","2,4%",,,,,,,,,,,0,14,0,13,"0,0%","6,7%",210,0,"0,6","0,00%","0,28%",224,"0,00%","0,59%",0,129,,0,351,"0,0%","0,5%",,17,0%,,
08-08-20,5435,"2,9%","2,4%",,,,,,,,,,,0.058823529,17,3,14,"21,4%","8,2%",211,1,"0,7","0,48%","0,34%",228,"1,79%","0,78%",1,129,,4,355,"1,1%","0,6%",,18,1%,,
09-08-20,5637,"3,7%","2,7%",,,,,,,,,,,0.045454545,22,5,15,"29,4%","9,6%",212,1,"0,6","0,47%","0,27%",234,"2,63%","0,89%",1,129,,6,361,"1,7%","0,6%",,19,1%,,
10-08-20,5763,"2,2%","2,8%",,,,,,,,,,,0.041666667,24,2,17,"9,1%","9,7%",213,1,"0,6","0,47%","0,27%",237,"1,28%","0,94%",1,129,,3,364,"0,8%","0,6%",,20,1%,,
11-08-20,5956,"3,3%","2,9%",,,,,,,,,,,0.038461538,26,2,19,"8,3%","10,9%",214,1,"0,7","0,47%","0,34%",240,"1,27%","1,12%",1,130,,4,368,"1,1%","0,8%",,21,1%,,
12-08-20,6191,"3,9%","3,1%",,,,,,,,,,,0.083333333,24,-2,20,"-7,7%","9,8%",216,2,"0,9","0,93%","0,40%",240,"0,00%","1,06%",2,132,,2,370,"0,5%","0,8%",,23,1%,,
13-08-20,6395,"3,3%","3,2%",,,,,,,,,,,0.227272727,22,-2,21,"-8,3%","7,5%",221,5,"1,6","2,31%","0,73%",243,"1,25%","1,17%",5,136,,7,377,"1,9%","1,0%",,28,4%,,
14-08-20,6646,"3,9%","3,3%",,,,,,,,,,,0.090909091,22,0,22,"0,0%","7,5%",223,2,"1,9","0,90%","0,86%",245,"0,82%","1,29%",2,136,,2,379,"0,5%","1,1%",,29,1%,,
15-08-20,6872,"3,4%","3,4%",,,,,,,,,,,0.130434783,23,1,23,"4,5%","5,1%",226,3,"2,1","1,35%","0,99%",249,"1,63%","1,27%",3,136,,4,383,"1,1%","1,1%",,32,2%,,
16-08-20,7089,"3,2%","3,3%",,,,,,,,,,,0.083333333,24,1,24,"4,3%","1,5%",228,2,"2,3","0,88%","1,05%",252,"1,20%","1,07%",2,136,,3,386,"0,8%","1,0%",,34,1%,,
17-08-20,7236,"2,1%","3,3%",,,,,,,,,,,0.086956522,23,-1,23,"-4,2%","-0,4%",230,2,"2,4","0,88%","1,10%",253,"0,40%","0,94%",2,136,,1,387,"0,3%","0,9%",,35,1%,,
18-08-20,7486,"3,5%","3,3%",,,,,,,,,,,0.08,25,2,23,"8,7%","-0,4%",232,2,"2,6","0,87%","1,16%",257,"1,58%","0,98%",2,137,,5,392,"1,3%","0,9%",,35,1%,,
19-08-20,7698,"2,8%","3,2%",,,,,,,,,,,0.107142857,28,3,24,"12,0%","2,4%",235,3,"2,7","1,29%","1,21%",263,"2,33%","1,32%",3,140,,9,401,"2,3%","1,2%",,35,2%,,
20-08-20,7948,"3,2%","3,2%",,,,,,,,,,,0,30,2,25,"7,1%","4,7%",235,0,"2,0","0,00%","0,88%",265,"0,76%","1,25%",0,140,,2,403,"0,5%","1,0%",,34,0%,,
21-08-20,8152,"2,6%","3,0%",,,,,,,,,,,0.107142857,28,-2,26,"-6,7%","3,7%",238,3,"2,1","1,28%","0,94%",266,"0,38%","1,18%",3,143,,4,407,"1,0%","1,0%",,37,2%,,
22-08-20,8395,"3,0%","2,9%",,,,,,,,,,,0.064516129,31,3,27,"10,7%","4,6%",240,2,"2,0","0,84%","0,86%",271,"1,88%","1,22%",2,143,,5,412,"1,2%","1,1%",,39,1%,,
23-08-20,8678,"3,4%","2,9%",,,,,,,,,,,0.064516129,31,0,28,"0,0%","4,0%",242,2,"2,0","0,83%","0,86%",273,"0,74%","1,15%",2,143,,2,414,"0,5%","1,0%",,40,1%,,
24-08-20,8833,"1,8%","2,9%",,,,,,,,,,,0,31,0,29,"0,0%","4,6%",242,0,"1,7","0,00%","0,73%",273,"0,00%","1,10%",0,143,,0,414,"0,0%","1,0%",,40,0%,,
25-08-20,9001,"1,9%","2,7%",,,,,,,,,,,0.032258065,31,0,30,"0,0%","3,3%",243,1,"1,6","0,41%","0,67%",274,"0,37%","0,92%",1,143,,1,415,"0,2%","0,8%",,40,1%,,
26-08-20,9294,"3,3%","2,7%",,,,,,,,,,,0.151515152,33,2,31,"6,5%","2,5%",248,5,"1,9","2,06%","0,77%",281,"2,55%","0,95%",5,145,,9,424,"2,2%","0,8%",,45,3%,,
27-08-20,9545,"2,7%","2,7%",,,,,,,,,,,0.171428571,35,2,31,"6,1%","2,4%",254,6,"2,7","2,42%","1,12%",289,"2,85%","1,25%",6,147,,10,434,"2,4%","1,1%",,51,4%,,
28-08-20,9814,"2,8%","2,7%",,,,,,,,,,,0.142857143,35,0,32,"0,0%","3,3%",259,5,"3,0","1,97%","1,22%",294,"1,73%","1,45%",5,147,,5,439,"1,2%","1,1%",,53,3%,,
29-08-20,9991,"1,8%","2,5%",,,,,,,,,,,0.027777778,36,1,33,"2,9%","2,2%",260,1,"2,9","0,39%","1,15%",296,"0,68%","1,27%",1,148,,3,442,"0,7%","1,0%",,54,1%,,
30-08-20,10148,"1,6%","2,3%",,,,,,,,,,,0.057142857,35,-1,34,"-2,8%","1,8%",262,2,"2,9","0,77%","1,14%",297,"0,34%","1,22%",2,149,,2,444,"0,5%","1,0%",,54,1%,,
31-08-20,10331,"1,8%","2,3%",,,,,,,,,,,0.111111111,36,1,34,"2,9%","2,2%",266,4,"3,4","1,53%","1,36%",302,"1,68%","1,46%",4,153,,9,453,"2,0%","1,3%",,57,3%,,
01-09-20,10538,"2,0%","2,3%",,,,,,,,,,,0.131578947,38,2,35,"5,6%","3,0%",271,5,"4,0","1,88%","1,57%",309,"2,32%","1,74%",5,153,,7,460,"1,5%","1,5%",,62,3%,,
02-09-20,10771,"2,2%","2,1%",,,,,,,,,,,0.052631579,38,0,36,"0,0%","2,1%",273,2,"3,6","0,74%","1,38%",311,"0,65%","1,46%",2,154,,3,463,"0,7%","1,3%",,63,1%,,
03-09-20,11012,"2,2%","2,1%",,,,,,,,,,,0.128205128,39,1,37,"2,6%","1,6%",278,5,"3,4","1,83%","1,30%",317,"1,93%","1,33%",5,154,,6,469,"1,3%","1,1%",,68,3%,,
04-09-20,11214,"1,8%","1,9%",,,,,,,,,,,0.026315789,38,-1,37,"-2,6%","1,2%",279,1,"2,9","0,36%","1,07%",317,"0,00%","1,09%",1,157,,3,472,"0,6%","1,0%",,69,1%,,
05-09-20,11400,"1,7%","1,9%",,,,,,,,,,,0.025,40,2,38,"5,3%","1,6%",280,1,"2,9","0,36%","1,07%",320,"0,95%","1,12%",1,157,,3,475,"0,6%","1,0%",,69,1%,,
06-09-20,11538,"1,2%","1,9%",,,,,,,,,,,0.097560976,41,1,39,"2,5%","2,3%",284,4,"3,1","1,43%","1,16%",325,"1,56%","1,30%",4,161,,9,484,"1,9%","1,2%",,72,2%,,
07-09-20,11677,"1,2%","1,8%",,,,,,,,,,,0.119047619,42,1,39,"2,4%","2,3%",289,5,"3,3","1,76%","1,19%",331,"1,85%","1,32%",5,160,,5,489,"1,0%","1,1%",,76,3%,,
08-09-20,11846,"1,4%","1,7%",,,,,,,,,,,0.023809524,42,0,40,"0,0%","1,5%",290,1,"2,7","0,35%","0,97%",332,"0,30%","1,03%",1,164,,5,494,"1,0%","1,0%",,76,1%,,
09-09-20,12094,"2,1%","1,7%",,,,,,,,,,,0.065217391,46,4,41,"9,5%","2,8%",293,3,"2,9","1,03%","1,02%",339,"2,11%","1,24%",3,167,,10,504,"2,0%","1,2%",,77,2%,,
10-09-20,12466,"3,1%","1,8%",,,,,,,,,,,0.081632653,49,3,43,"6,5%","3,4%",297,4,"2,7","1,37%","0,95%",346,"2,06%","1,26%",4,167,,7,511,"1,4%","1,2%",,76,2%,,
11-09-20,12748,"2,3%","1,9%",,,,,,,,,,,0.057692308,52,3,45,"6,1%","4,6%",300,3,"3,0","1,01%","1,04%",352,"1,73%","1,51%",3,169,,8,519,"1,6%","1,4%",,77,2%,,
12-09-20,13050,"2,4%","2,0%",,,,,,,,,,,0.037735849,53,1,46,"1,9%","4,1%",302,2,"3,1","0,67%","1,09%",355,"0,85%","1,50%",2,170,,4,523,"0,8%","1,4%",,76,1%,,
13-09-20,13254,"1,6%","2,0%",,,,,,,,,,,0.055555556,54,1,48,"1,9%","4,1%",305,3,"3,0","0,99%","1,03%",359,"1,13%","1,43%",3,171,,5,528,"1,0%","1,3%",,77,2%,,
14-09-20,13434,"1,4%","2,0%",,,,,,,,,,,0.084745763,59,5,51,"9,3%","5,0%",310,5,"3,0","1,64%","1,01%",369,"2,79%","1,57%",5,173,,12,540,"2,3%","1,4%",,80,3%,,
15-09-20,13744,"2,3%","2,1%",,,,,,,,,,,0.044776119,67,8,54,"13,6%","7,0%",313,3,"3,3","0,97%","1,10%",380,"2,98%","1,95%",3,175,,13,553,"2,4%","1,6%",,81,2%,,
16-09-20,14055,"2,3%","2,2%",,,,,,,,,,,0.044776119,67,0,57,"0,0%","5,6%",316,3,"3,3","0,96%","1,09%",383,"0,79%","1,76%",3,176,,4,557,"0,7%","1,4%",,81,2%,,
17-09-20,14414,"2,6%","2,1%",,,,,,,,,,,0.130434783,69,2,60,"3,0%","5,1%",325,9,"4,0","2,85%","1,30%",394,"2,87%","1,88%",9,178,,13,570,"2,3%","1,6%",,90,5%,,
18-09-20,14752,"2,3%","2,1%",,,,,,,,,,,0.028169014,71,2,63,"2,9%","4,6%",327,2,"3,9","0,62%","1,24%",398,"1,02%","1,77%",2,177,,3,573,"0,5%","1,4%",,89,1%,,
19-09-20,14992,"1,6%","2,0%",,,,,,,,,,,0.061538462,65,-6,65,"-8,5%","3,2%",331,4,"4,1","1,22%","1,32%",396,"-0,50%","1,58%",4,177,,-2,571,"-0,3%","1,3%",,91,2%,,
20-09-20,15156,"1,1%","1,9%",,,,,,,,,,,0.08974359,78,13,68,"20,0%","5,8%",338,7,"4,7","2,11%","1,48%",416,"5,05%","2,14%",7,177,,20,591,"3,5%","1,6%",,96,4%,,
21-09-20,15609,"3,0%","2,2%",,,,,,,,,,,0.075949367,79,1,71,"1,3%","4,6%",344,6,"4,9","1,78%","1,50%",423,"1,68%","1,98%",6,181,,11,602,"1,9%","1,6%",,102,3%,,
22-09-20,15942,"2,1%","2,1%",,,,,,,,,,,0.103896104,77,-2,72,"-2,5%","2,3%",352,8,"5,6","2,33%","1,69%",429,"1,42%","1,76%",8,185,,10,612,"1,7%","1,5%",,109,4%,,
23-09-20,16300,"2,2%","2,1%",,,,,,,,,,,0.068493151,73,-4,73,"-5,2%","1,6%",357,5,"5,9","1,42%","1,76%",430,"0,23%","1,68%",5,191,,7,619,"1,1%","1,5%",,109,3%,,
24-09-20,16641,"2,1%","2,1%",,,,,,,,,,,0.132352941,68,-5,73,"-6,8%","0,2%",366,9,"5,9","2,52%","1,71%",434,"0,93%","1,40%",9,192,,5,624,"0,8%","1,3%",,112,4%,,
25-09-20,16927,"1,7%","2,0%",,,,,,,,,,,0.047619048,63,-5,72,"-7,4%","-1,3%",369,3,"6,0","0,82%","1,74%",432,"-0,46%","1,19%",3,197,,3,627,"0,5%","1,3%",,110,2%,,
26-09-20,17242,"1,9%","2,0%",,,,,,,,,,,0.102941176,68,5,72,"7,9%","1,0%",376,7,"6,4","1,90%","1,84%",444,"2,78%","1,66%",7,199,,14,641,"2,2%","1,7%",,116,3%,,
27-09-20,17458,"1,3%","2,0%",,,,,,,,,,,0.044117647,68,0,71,"0,0%","-1,8%",379,3,"5,9","0,80%","1,65%",447,"0,68%","1,04%",3,200,,4,645,"0,6%","1,3%",,117,1%,,
28-09-20,17721,"1,5%","1,8%",,,,,,,,,,,0.054794521,73,5,70,"7,4%","-0,9%",383,4,"5,6","1,06%","1,55%",456,"2,01%","1,08%",4,201,,10,655,"1,6%","1,2%",,117,2%,,
29-09-20,18137,"2,3%","1,9%",,,,,,,,,,,0.063291139,79,6,70,"8,2%","0,6%",388,5,"5,1","1,31%","1,40%",467,"2,41%","1,23%",5,207,,17,672,"2,6%","1,3%",,117,2%,,
30-09-20,18489,"1,9%","1,8%",,,,,,,,,,,0.038461538,78,-1,71,"-1,3%","1,1%",391,3,"4,9","0,77%","1,31%",469,"0,43%","1,25%",3,212,,7,679,"1,0%","1,3%",,118,1%,,
01-10-20,18900,"2,2%","1,8%",,,,,,,,,,,0.02247191,89,11,74,"14,1%","4,1%",393,2,"3,9","0,51%","1,02%",482,"2,77%","1,52%",2,214,,15,694,"2,2%","1,5%",,115,1%,,
02-10-20,19360,"2,4%","1,9%",,,,,,,,,,,0.058823529,85,-4,77,"-4,5%","4,6%",398,5,"4,1","1,27%","1,09%",483,"0,21%","1,61%",5,217,,4,698,"0,6%","1,5%",,119,2%,,
03-10-20,19627,"1,4%","1,9%",,,,,,,,,,,0.088607595,79,-6,79,"-7,1%","2,4%",405,7,"4,1","1,76%","1,07%",484,"0,21%","1,25%",7,219,,3,701,"0,4%","1,3%",,125,3%,,
04-10-20,19856,"1,2%","1,9%",,,,,,,,,,,0.048780488,82,3,81,"3,8%","3,0%",409,4,"4,3","0,99%","1,09%",491,"1,45%","1,36%",4,223,,11,712,"1,6%","1,4%",,125,2%,,
05-10-20,20159,"1,5%","1,9%",,,,,,,,,,,0.096385542,83,1,82,"1,2%","2,1%",417,8,"4,9","1,96%","1,22%",500,"1,83%","1,33%",8,227,,13,725,"1,8%","1,5%",,128,3%,,
06-10-20,20555,"2,0%","1,8%",,,,,,,,,,,0.034482759,87,4,83,"4,8%","1,6%",420,3,"4,6","0,72%","1,14%",507,"1,40%","1,18%",3,229,,9,734,"1,2%","1,3%",,130,1%,,
07-10-20,20961,"2,0%","1,8%",,,,,,,,,,,0.045454545,88,1,85,"1,1%","1,9%",424,4,"4,7","0,95%","1,17%",512,"0,99%","1,26%",4,232,,8,742,"1,1%","1,3%",,131,2%,,
08-10-20,21395,"2,1%","1,8%",,,,,,,,,,,0.065934066,91,3,85,"3,4%","0,4%",430,6,"5,3","1,42%","1,29%",521,"1,76%","1,12%",6,236,,13,755,"1,8%","1,2%",,133,2%,,
09-10-20,21786,"1,8%","1,7%",,,,,,,,,,,0.010204082,98,7,87,"7,7%","2,1%",431,1,"4,7","0,23%","1,15%",529,"1,54%","1,31%",1,237,,9,764,"1,2%","1,3%",,131,0%,,
10-10-20,22092,"1,4%","1,7%",,,,,,,,,,,0.05,100,2,90,"2,0%","3,4%",436,5,"4,4","1,16%","1,06%",536,"1,32%","1,47%",5,238,,8,772,"1,0%","1,4%",,134,2%,,
11-10-20,22372,"1,3%","1,7%",,,,,,,,,,,0.139784946,93,-7,91,"-7,0%","1,9%",449,13,"5,7","2,98%","1,35%",542,"1,12%","1,42%",13,238,,6,778,"0,8%","1,3%",,144,5%,,
12-10-20,22666,"1,3%","1,7%",,,,,,,,,,,0.076923077,91,-2,93,"-2,2%","1,4%",456,7,"5,6","1,56%","1,29%",547,"0,92%","1,29%",7,240,,7,785,"0,9%","1,1%",,146,3%,,
13-10-20,23074,"1,8%","1,7%",,,,,,,,,,,0.06741573,89,-2,93,"-2,2%","0,4%",462,6,"6,0","1,32%","1,37%",551,"0,73%","1,20%",6,242,,6,791,"0,8%","1,1%",,149,2%,,
14-10-20,23509,"1,9%","1,7%",,,,,,,,,,,0.081395349,86,-3,93,"-3,4%","-0,2%",469,7,"6,4","1,52%","1,45%",555,"0,73%","1,16%",7,245,,7,798,"0,9%","1,0%",,153,3%,,
15-10-20,23961,"1,9%","1,6%",,,,,,,,,,,0.158536585,82,-4,91,"-4,7%","-1,4%",482,13,"7,4","2,77%","1,65%",564,"1,62%","1,14%",13,252,,16,814,"2,0%","1,1%",,157,5%,,
16-10-20,24464,"2,1%","1,7%",,,,,,,,,,,0.098765432,81,-1,89,"-1,2%","-2,6%",490,8,"8,4","1,66%","1,85%",571,"1,24%","1,10%",8,255,,10,824,"1,2%","1,1%",,163,3%,,
17-10-20,24946,"2,0%","1,8%",,,,,,,,,,,0.120481928,83,2,86,"2,5%","-2,6%",500,10,"9,1","2,04%","1,98%",583,"2,10%","1,21%",10,256,,13,837,"1,6%","1,2%",,169,4%,,
18-10-20,25384,"1,8%","1,8%",,,,,,,,,,,0.107142857,84,1,85,"1,2%","-1,4%",509,9,"8,6","1,80%","1,81%",593,"1,72%","1,29%",9,256,,10,847,"1,2%","1,2%",,171,3%,,
19-10-20,25816,"1,7%","1,9%",,,,,,,,,,,0.129411765,85,1,84,"1,2%","-0,9%",520,11,"9,1","2,16%","1,89%",605,"2,02%","1,45%",11,258,,14,861,"1,7%","1,3%",,176,4%,,
20-10-20,26469,"2,5%","2,0%",,,,,,,,,,,0.091954023,87,2,84,"2,4%","-0,3%",528,8,"9,4","1,54%","1,93%",615,"1,65%","1,58%",8,260,,12,873,"1,4%","1,4%",,176,3%,,
21-10-20,27334,"3,3%","2,2%",,,,,,,,,,,0.069767442,86,-1,84,"-1,1%","0,0%",534,6,"9,3","1,14%","1,87%",620,"0,81%","1,60%",6,265,,10,883,"1,1%","1,5%",,177,2%,,
22-10-20,28216,"3,2%","2,4%",,,,,,,,,,,0.166666667,90,4,85,"4,7%","1,4%",549,15,"9,6","2,81%","1,88%",639,"3,06%","1,80%",15,265,,19,902,"2,2%","1,5%",,183,5%,,
23-10-20,29057,"3,0%","2,5%",,,,,,,,,,,0.112359551,89,-1,86,"-1,1%","1,4%",559,10,"9,9","1,82%","1,90%",648,"1,41%","1,83%",10,268,,12,914,"1,3%","1,5%",,190,4%,,
24-10-20,29992,"3,2%","2,7%",,,,,,,,,,,0.054945055,91,2,87,"2,2%","1,3%",564,5,"9,1","0,89%","1,74%",655,"1,08%","1,68%",5,270,,9,923,"1,0%","1,4%",,188,2%,,
25-10-20,30782,"2,6%","2,8%",,,,,,,,,,,0.119047619,84,-7,87,"-7,7%","0,1%",574,10,"9,3","1,77%","1,73%",658,"0,46%","1,50%",10,272,,5,928,"0,5%","1,3%",,195,4%,,
26-10-20,31496,"2,3%","2,9%",,,,,,,,,,,0.073684211,95,11,89,"13,1%","1,8%",581,7,"8,7","1,22%","1,60%",676,"2,74%","1,60%",7,274,,20,948,"2,2%","1,4%",,198,2%,,
27-10-20,32752,"4,0%","3,1%",,,,,,,,,,,0.117647059,102,7,91,"7,4%","2,5%",593,12,"9,3","2,07%","1,67%",695,"2,81%","1,77%",12,277,,22,970,"2,3%","1,5%",,205,4%,,
28-10-20,34299,"4,7%","3,3%",,,,,,,,,,,0.092592593,108,6,94,"5,9%","3,5%",603,10,"9,9","1,69%","1,75%",711,"2,30%","1,98%",10,280,,19,989,"2,0%","1,6%",,212,3%,,
29-10-20,35510,"3,5%","3,3%",,,,,,,,,,,0.105263158,114,6,98,"5,6%","3,6%",615,12,"9,4","1,99%","1,64%",729,"2,53%","1,90%",12,284,,22,1011,"2,2%","1,6%",,222,4%,,
30-10-20,37196,"4,7%","3,6%",,,,,,,,,,,0.0390625,128,14,103,"12,3%","5,5%",620,5,"8,7","0,81%","1,49%",748,"2,61%","2,07%",5,286,,21,1032,"2,1%","1,8%",,222,2%,,
31-10-20,39251,"5,5%","3,9%",,,,,,,,,,,0.044444444,135,7,109,"5,5%","6,0%",626,6,"8,9","0,97%","1,50%",761,"1,74%","2,17%",6,291,,18,1050,"1,7%","1,9%",,221,2%,,
01-11-20,40929,"4,3%","4,2%",,,,,,,,,,,0.064285714,140,5,117,"3,7%","7,6%",635,9,"8,7","1,44%","1,45%",775,"1,84%","2,37%",9,291,,14,1064,"1,3%","2,0%",,226,3%,,
02-11-20,42080,"2,8%","4,2%",,,,,,,,,,,0.045751634,153,13,126,"9,3%","7,1%",642,7,"8,7","1,10%","1,44%",795,"2,58%","2,34%",7,294,,23,1087,"2,2%","2,0%",,225,2%,,
03-11-20,44246,"5,1%","4,4%",,,,,,,,,,,0.076923077,169,16,135,"10,5%","7,5%",655,13,"8,9","2,02%","1,43%",824,"3,65%","2,46%",13,300,,35,1122,"3,2%","2,1%",,235,4%,,
04-11-20,46892,"6,0%","4,6%",,,,,,,,,,,0.100558659,179,10,145,"5,9%","7,5%",673,18,"10,0","2,75%","1,58%",852,"3,40%","2,62%",18,305,,33,1155,"2,9%","2,2%",,249,6%,,
05-11-20,49807,"6,2%","5,0%",,,,,,,,,,,0.14973262,187,8,156,"4,5%","7,4%",701,28,"12,3","4,16%","1,89%",888,"4,23%","2,86%",28,310,,41,1196,"3,5%","2,4%",,271,8%,,
06-11-20,52254,"4,9%","5,0%",,,,,,,,,,,0.071428571,196,9,166,"4,8%","6,3%",715,14,"13,6","2,00%","2,06%",911,"2,59%","2,86%",14,315,,28,1224,"2,3%","2,5%",,284,4%,,
07-11-20,54810,"4,9%","4,9%",,,,,,,,,,,0.164251208,207,11,176,"5,6%","6,3%",749,34,"17,6","4,76%","2,60%",956,"4,94%","3,32%",34,315,,45,1269,"3,7%","2,7%",,313,10%,"98,39%","391,38%"
08-11-20,56723,"3,5%","4,8%",,,,,,,,,,,0.153508772,228,21,188,"10,1%","7,2%",784,35,"21,3","4,67%","3,07%",1012,"5,86%","3,89%",35,323,,64,1333,"5,0%","3,3%",,335,10%,,
09-11-20,58187,"2,6%","4,7%",,,,,,,,,,,0.171548117,239,11,201,"4,8%","6,6%",825,41,"26,1","5,23%","3,66%",1064,"5,14%","4,26%",41,329,,58,1391,"4,4%","3,6%",,369,11%,,
10-11-20,60571,"4,1%","4,6%",,,,,,,,,,,0.155893536,263,24,214,"10,0%","6,5%",866,41,"30,1","4,97%","4,08%",1129,"6,11%","4,61%",41,336,,72,1463,"5,2%","3,9%",,404,11%,,
11-11-20,63321,"4,5%","4,4%",,,,,,,,,,,0.144781145,297,34,231,"12,9%","7,5%",909,43,"33,7","4,97%","4,39%",1206,"6,82%","5,10%",43,347,,88,1551,"6,0%","4,3%",,440,11%,,
12-11-20,66637,"5,2%","4,2%",,,,,,,,,,,0.161290323,310,13,249,"4,4%","7,5%",959,50,"36,9","5,50%","4,58%",1269,"5,22%","5,24%",50,353,,69,1620,"4,4%","4,4%",,477,12%,,
13-11-20,69675,"4,6%","4,2%",,,,,,,,,,,0.113095238,336,26,269,"8,4%","8,0%",997,38,"40,3","3,96%","4,87%",1333,"5,04%","5,59%",38,362,,73,1693,"4,5%","4,7%",,507,10%,,
14-11-20,72510,"4,1%","4,1%",,,,,,,,,,,0.103825137,366,30,291,"8,9%","8,5%",1035,38,"40,9","3,81%","4,73%",1401,"5,10%","5,61%",38,370,,76,1769,"4,5%","4,9%",,535,9%,,
15-11-20,74205,"2,3%","3,9%",,,,,,,,,,,0.181122449,392,26,315,"7,1%","8,1%",1106,71,"46,0","6,86%","5,04%",1498,"6,92%","5,77%",71,376,,103,1872,"5,8%","5,0%",,597,16%,,
16-11-20,76403,"3,0%","4,0%",,,,,,,,,,,0.1475,400,8,338,"2,0%","7,7%",1165,59,"48,6","5,33%","5,06%",1565,"4,47%","5,67%",59,383,,74,1946,"4,0%","4,9%",,645,13%,,
17-11-20,78825,"3,2%","3,8%",,,,,,,,,,,0.14221219,443,43,363,"10,8%","7,8%",1228,63,"51,7","5,41%","5,12%",1671,"6,77%","5,77%",63,392,,115,2061,"5,9%","5,0%",,700,14%,,
18-11-20,82034,"4,1%","3,8%",,,,,,,,,,,0.125,480,37,390,"8,4%","7,1%",1288,60,"54,1","4,89%","5,11%",1768,"5,80%","5,62%",60,410,,115,2176,"5,6%","5,0%",,754,13%,,
19-11-20,85227,"3,9%","3,6%",,,,,,,,,,,0.118236473,499,19,417,"4,0%","7,1%",1347,59,"55,4","4,58%","4,98%",1846,"4,41%","5,50%",59,427,,95,2271,"4,4%","4,9%",,798,12%,,
20-11-20,87808,"3,0%","3,4%",,,,,,,,,,,0.138728324,519,20,443,"4,0%","6,4%",1419,72,"60,3","5,35%","5,18%",1938,"4,98%","5,50%",72,440,,105,2376,"4,6%","5,0%",,860,14%,,
21-11-20,90111,"2,6%","3,2%",,,,,,,,,,,0.206896552,522,3,465,"0,6%","5,3%",1527,108,"70,3","7,61%","5,72%",2049,"5,73%","5,59%",108,460,,131,2507,"5,5%","5,1%",,963,19%,,
22-11-20,91609,"1,7%","3,1%",,,,,,,,,,,0.190740741,540,18,486,"3,4%","4,7%",1630,103,"74,9","6,75%","5,70%",2170,"5,91%","5,44%",103,470,,131,2638,"5,2%","5,0%",,1.056,18%,,
23-11-20,93006,"1,5%","2,9%",,,,,,,,,,,0.153005464,549,9,507,"1,7%","4,7%",1714,84,"78,4","5,15%","5,68%",2263,"4,29%","5,41%",84,482,,105,2743,"4,0%","5,0%",,1.133,15%,,
24-11-20,95137,"2,3%","2,7%",,,,,,,,,,,0.179715302,562,13,524,"2,4%","3,5%",1815,101,"83,9","5,89%","5,74%",2377,"5,04%","5,17%",101,490,,122,2865,"4,4%","4,8%",,1.222,17%,,
25-11-20,97288,"2,3%","2,5%",,,,,,,,,,,0.145728643,597,35,541,"6,2%","3,2%",1902,87,"87,7","4,79%","5,73%",2499,"5,13%","5,07%",87,505,,137,3002,"4,8%","4,7%",,1.299,15%,,
26-11-20,99306,"2,1%","2,2%",,,,,,,,,,,0.162828947,608,11,557,"1,8%","2,9%",2001,99,"93,4","5,21%","5,82%",2609,"4,40%","5,07%",99,524,,129,3131,"4,3%","4,7%",,1.386,16%,,
27-11-20,101319,"2,0%","2,1%",,,,,,,,,,,0.166392092,607,-1,569,"-0,2%","2,3%",2102,101,"97,6","5,05%","5,78%",2709,"3,83%","4,90%",101,538,,114,3245,"3,6%","4,6%",,1.482,16%,,
28-11-20,103034,"1,7%","1,9%",,,,,,,,,,,0.199669967,606,-1,581,"-0,2%","2,2%",2223,121,"99,4","5,76%","5,51%",2829,"4,43%","4,72%",121,557,,139,3384,"4,3%","4,4%",,1.597,18%,,
29-11-20,104227,"1,2%","1,9%",,,,,,,,,,,0.16252073,603,-3,590,"-0,5%","1,6%",2321,98,"98,7","4,41%","5,18%",2924,"3,36%","4,35%",98,575,,113,3497,"3,3%","4,1%",,1.686,15%,,
30-11-20,105271,"1,0%","1,8%",,,,,,,,,,,0.141666667,600,-3,598,"-0,5%","1,3%",2406,85,"98,9","3,66%","4,97%",3006,"2,80%","4,14%",85,581,,88,3585,"2,5%","3,9%",,1.764,13%,,
01-12-20,107470,"2,1%","1,8%",,,,,,,,,,,0.186241611,596,-4,602,"-0,7%","0,9%",2517,111,"100,3","4,61%","4,78%",3113,"3,56%","3,93%",111,597,,123,3708,"3,4%","3,8%",,1.862,16%,,
02-12-20,109655,"2,0%","1,7%",,,,,,,,,,,0.145187602,613,17,605,"2,9%","0,4%",2606,89,"100,6","3,54%","4,60%",3219,"3,41%","3,68%",89,611,,120,3828,"3,2%","3,5%",,1.933,13%,,
03-12-20,111537,"1,7%","1,7%",,,,,,,,,,,0.160771704,622,9,607,"1,5%","0,3%",2706,100,"100,7","3,84%","4,41%",3328,"3,39%","3,54%",100,620,,118,3946,"3,1%","3,4%",,2.005,14%,,
04-12-20,113185,"1,5%","1,6%",,,,,,,,,,,0.160130719,612,-10,607,"-1,6%","0,1%",2804,98,"100,3","3,62%","4,21%",3416,"2,64%","3,37%",98,620,,88,4034,"2,2%","3,2%",,2.089,14%,,
05-12-20,114568,"1,2%","1,5%",,,,,,,,,,,0.164983165,594,-18,606,"-2,9%","-0,3%",2902,98,"97,0","3,50%","3,88%",3496,"2,34%","3,07%",98,641,,101,4135,"2,5%","2,9%",,2.153,13%,,
06-12-20,115471,"0,8%","1,5%",,,,,,,,,,,0.168333333,600,6,605,"1,0%","-0,1%",3003,101,"97,4","3,48%","3,75%",3603,"3,06%","3,03%",101,651,,117,4252,"2,8%","2,8%",,2.219,13%,,
07-12-20,116721,"1,1%","1,5%",,,,,,,,,,,0.148333333,600,0,605,"0,0%","0,0%",3092,89,"98,0","2,96%","3,65%",3692,"2,47%","2,98%",89,668,,106,4358,"2,5%","2,8%",,2.267,12%,,
08-12-20,118045,"1,1%","1,4%",,,,,,,,,,,0.176165803,579,-21,603,"-3,5%","-0,4%",3194,102,"96,7","3,30%","3,46%",3773,"2,19%","2,79%",102,680,,93,4451,"2,1%","2,6%",,2.328,13%,,
09-12-20,119720,"1,4%","1,3%",,,,,,,,,,,0.164359862,578,-1,598,"-0,2%","-0,8%",3289,95,"97,6","2,97%","3,38%",3867,"2,49%","2,66%",95,691,,105,4556,"2,4%","2,5%",,2.38,12%,,
10-12-20,121253,"1,3%","1,2%",,,,,,,,,,,0.141856392,571,-7,591,"-1,2%","-1,2%",3370,81,"94,9","2,46%","3,19%",3941,"1,91%","2,45%",81,697,,80,4636,"1,8%","2,3%",,2.411,10%,,
11-12-20,122648,"1,2%","1,2%",,,,,,,,,,,0.174957118,583,12,586,"2,1%","-0,7%",3472,102,"95,4","3,03%","3,10%",4055,"2,89%","2,48%",102,711,,128,4764,"2,8%","2,4%",,2.475,13%,,
12-12-20,123842,"1,0%","1,1%",,,,,,,,,,,0.117850953,577,-6,584,"-1,0%","-0,4%",3540,68,"91,1","1,96%","2,88%",4117,"1,53%","2,36%",68,718,,69,4833,"1,4%","2,3%",,2.505,9%,,
13-12-20,124534,"0,6%","1,1%",,,,,,,,,,,0.153985507,552,-25,577,"-4,3%","-1,2%",3625,85,"88,9","2,40%","2,73%",4177,"1,46%","2,14%",85,730,,72,4905,"1,5%","2,1%",,2.519,10%,,
14-12-20,125173,"0,5%","1,0%",,,,,,,,,,,0.111111111,558,6,571,"1,1%","-1,0%",3687,62,"85,0","1,71%","2,55%",4245,"1,63%","2,02%",62,732,,70,4975,"1,4%","1,9%",,2.522,8%,,
15-12-20,126372,"1,0%","1,0%",,,,,,,,,,,0.178181818,550,-8,567,"-1,4%","-0,7%",3785,98,"84,4","2,66%","2,46%",4335,"2,12%","2,00%",98,755,,113,5088,"2,3%","1,9%",,2.557,11%,,
16-12-20,127557,"0,9%","0,9%",,,,,,,,,,,0.153985507,552,2,563,"0,4%","-0,6%",3870,85,"83,0","2,25%","2,35%",4422,"2,01%","1,94%",85,768,,100,5188,"2,0%","1,9%",,2.582,10%,,
17-12-20,128710,"0,9%","0,9%",,,,,,,,,,,0.143911439,542,-10,559,"-1,8%","-0,7%",3948,78,"82,6","2,02%","2,29%",4490,"1,54%","1,88%",78,782,,82,5270,"1,6%","1,8%",,2.601,9%,,
18-12-20,129584,"0,7%","0,8%",,,,,,,,,,,0.182163188,527,-15,551,"-2,8%","-1,4%",4044,96,"81,7","2,43%","2,20%",4571,"1,80%","1,73%",96,797,,96,5366,"1,8%","1,7%",,2625,11%,,
19-12-20,130485,"0,7%","0,7%",,,,,,,,,,,0.108614232,534,7,545,"1,3%","-1,1%",4102,58,"80,3","1,43%","2,13%",4636,"1,42%","1,71%",58,797,,65,5431,"1,2%","1,7%",,2.575,7%,,
20-12-20,131072,"0,4%","0,7%",,,,,,,,,,,0.13592233,515,-19,540,"-3,6%","-1,0%",4172,70,"78,1","1,71%","2,03%",4687,"1,10%","1,66%",70,800,,54,5485,"1,0%","1,6%",,2.542,8%,,
21-12-20,131597,"0,4%","0,7%",,,,,,,,,,,0.168316832,505,-10,532,"-1,9%","-1,4%",4257,85,"81,4","2,04%","2,08%",4762,"1,60%","1,66%",85,812,,87,5572,"1,6%","1,6%",,2.543,9%,,
22-12-20,132430,"0,6%","0,7%",,,,,,,,,,,0.16904277,491,-14,524,"-2,8%","-1,6%",4340,83,"79,3","1,95%","1,97%",4831,"1,45%","1,56%",83,823,,80,5652,"1,4%","1,5%",,2.525,9%,,
23-12-20,133365,"0,7%","0,6%",,,,,,,,,,,0.125252525,495,4,516,"0,8%","-1,5%",4402,62,"76,0","1,43%","1,86%",4897,"1,37%","1,47%",62,832,,75,5727,"1,3%","1,4%",,2.5,7%,,
24-12-20,134235,"0,7%","0,6%",,,,,,,,,,,0.115546218,476,-19,506,"-3,8%","-1,8%",4457,55,"72,7","1,25%","1,75%",4933,"0,74%","1,35%",55,845,,49,5776,"0,9%","1,3%",,2.456,6%,,
25-12-20,134852,"0,5%","0,6%",,,,,,,,,,,0.106382979,470,-6,498,"-1,3%","-1,6%",4507,50,"66,1","1,12%","1,56%",4977,"0,89%","1,22%",50,851,,50,5826,"0,9%","1,2%",,2.405,6%,,
26-12-20,135114,"0,2%","0,5%",,,,,,,,,,,0.097251586,473,3,489,"0,6%","-1,7%",4553,46,"64,4","1,02%","1,50%",5026,"0,98%","1,16%",46,852,,50,5876,"0,9%","1,1%",,2.33,5%,,
27-12-20,135456,"0,3%","0,5%",,,,,,,,,,,0.113006397,469,-4,483,"-0,8%","-1,3%",4606,53,"62,0","1,16%","1,42%",5075,"0,97%","1,14%",53,857,,54,5930,"0,9%","1,1%",,2.285,6%,,
28-12-20,135931,"0,4%","0,5%",,,,,,,,,,,0.141327623,467,-2,477,"-0,4%","-1,1%",4672,66,"59,3","1,43%","1,34%",5139,"1,26%","1,09%",66,862,,69,5999,"1,2%","1,1%",,2.266,7%,,
29-12-20,136976,"0,8%","0,5%",,,,,,,,,,,0.126637555,458,-9,473,"-1,9%","-1,0%",4730,58,"55,7","1,24%","1,24%",5188,"0,95%","1,02%",58,877,,64,6063,"1,1%","1,0%",,2.213,6%,,
30-12-20,137918,"0,7%","0,5%",,,,,,,,,,,0.130925508,443,-15,465,"-3,3%","-1,6%",4788,58,"55,1","1,23%","1,21%",5231,"0,83%","0,95%",58,885,,51,6114,"0,8%","0,9%",,2.182,6%,,
31-12-20,138850,"0,7%","0,5%",,,,,,,,,,,0.114155251,438,-5,460,"-1,1%","-1,2%",4838,50,"54,4","1,04%","1,18%",5276,"0,86%","0,97%",50,890,,50,6164,"0,8%","0,9%",,2.132,5%,,
01-01-21,139447,"0,4%","0,5%",,,,,,,,,,,0.1002331,429,-9,454,"-2,1%","-1,3%",4881,43,"53,4","0,89%","1,15%",5310,"0,64%","0,93%",43,893,,37,6201,"0,6%","0,9%",,2.077,5%,,
02-01-21,139709,"0,2%","0,5%",,,,,,,,,,,0.092807425,431,2,448,"0,5%","-1,3%",4921,40,"52,6","0,82%","1,12%",5352,"0,79%","0,90%",40,896,,45,6246,"0,7%","0,9%",,2.019,4%,,
03-01-21,140099,"0,3%","0,5%",,,,,,,,,,,0.085510689,421,-10,441,"-2,3%","-1,5%",4957,36,"50,1","0,73%","1,05%",5378,"0,49%","0,83%",36,897,,27,6273,"0,4%","0,8%",,1.954,4%,,
04-01-21,140526,"0,3%","0,5%",,,,,,,,,,,0.132678133,407,-14,432,"-3,3%","-1,9%",5011,54,"48,4","1,09%","1,01%",5418,"0,74%","0,76%",54,902,,45,6318,"0,7%","0,7%",,1.919,6%,,
05-01-21,141454,"0,7%","0,5%",,,,,,,,,,,0.098765432,405,-2,425,"-0,5%","-1,7%",5051,40,"45,9","0,80%","0,94%",5456,"0,70%","0,72%",40,907,,43,6361,"0,7%","0,7%",,1.857,4%,,
06-01-21,142270,"0,6%","0,4%",,,,,,,,,,,0.120300752,399,-6,419,"-1,5%","-1,5%",5099,48,"44,4","0,95%","0,90%",5498,"0,77%","0,71%",48,912,,47,6408,"0,7%","0,7%",,1.81,5%,,
07-01-21,142780,"0,4%","0,4%",,,,,,,,,,,0.120204604,391,-8,412,"-2,0%","-1,6%",5146,47,"44,0","0,92%","0,89%",5537,"0,71%","0,69%",47,911,,38,6446,"0,6%","0,6%",,1.776,5%,,
08-01-21,143494,"0,5%","0,4%",,,,,,,,,,,0.126943005,386,-5,406,"-1,3%","-1,5%",5195,49,"44,9","0,95%","0,89%",5581,"0,79%","0,71%",49,950,,83,6529,"1,3%","0,7%",,1.723,5%,,
09-01-21,144294,"0,6%","0,5%",,,,,,,,,,,0.08839779,362,-24,396,"-6,2%","-2,4%",5227,32,"43,7","0,62%","0,87%",5589,"0,14%","0,62%",32,954,,12,6541,"0,2%","0,7%",,1.687,3%,,
10-01-21,144738,"0,3%","0,5%",,,,,,,,,,,0.101983003,353,-9,386,"-2,5%","-2,5%",5263,36,"43,7","0,69%","0,86%",5616,"0,48%","0,62%",36,954,,27,6568,"0,4%","0,7%",,1.638,4%,,
11-01-21,145179,"0,3%","0,5%",,,,,,,,,,,0.111428571,350,-3,378,"-0,8%","-2,1%",5302,39,"41,6","0,74%","0,81%",5652,"0,64%","0,61%",39,962,,44,6612,"0,7%","0,7%",,1.615,4%,,
12-01-21,146020,"0,6%","0,5%",,,,,,,,,,,0.080118694,337,-13,368,"-3,7%","-2,6%",5329,27,"39,7","0,51%","0,77%",5666,"0,25%","0,54%",27,977,,29,6641,"0,4%","0,6%",,1.544,3%,,
13-01-21,146688,"0,5%","0,4%",,,,,,,,,,,0.073529412,340,3,360,"0,9%","-2,2%",5354,25,"36,4","0,47%","0,70%",5694,"0,49%","0,50%",25,1000,,51,6692,"0,8%","0,6%",,1.484,2%,,
14-01-21,147283,"0,4%","0,4%",,,,,,,,,,,0.100609756,328,-12,351,"-3,5%","-2,5%",5387,33,"34,4","0,62%","0,66%",5715,"0,37%","0,45%",33,1006,,27,6719,"0,4%","0,6%",,1.439,3%,,
15-01-21,147860,"0,4%","0,4%",,,,,,,,,,,0.106583072,319,-9,341,"-2,7%","-2,7%",5421,34,"32,3","0,63%","0,61%",5740,"0,44%","0,40%",34,1019,,38,6757,"0,6%","0,5%",,1.377,3%,,
16-01-21,148370,"0,3%","0,4%",,,,,,,,,,,0.061919505,323,4,336,"1,3%","-1,6%",5441,20,"30,6","0,37%","0,57%",5764,"0,42%","0,44%",20,1028,,33,6790,"0,5%","0,5%",,1.339,2%,,
17-01-21,148607,"0,2%","0,4%",,,,,,,,,,,0.0875,320,-3,331,"-0,9%","-1,4%",5469,28,"29,4","0,51%","0,55%",5789,"0,43%","0,43%",28,1030,,27,6817,"0,4%","0,5%",,1.297,3%,,
18-01-21,148927,"0,2%","0,4%",,,,,,,,,,,0.059006211,322,2,327,"0,6%","-1,2%",5488,19,"26,6","0,35%","0,49%",5810,"0,36%","0,39%",19,1031,,22,6839,"0,3%","0,5%",,1.231,2%,,
19-01-21,149462,"0,4%","0,3%",,,,,,,,,,,0.09375,320,-2,325,"-0,6%","-0,7%",5518,30,"27,0","0,55%","0,50%",5838,"0,48%","0,43%",30,1037,,34,6873,"0,5%","0,5%",,1.178,3%,,
20-01-21,149973,"0,3%","0,3%",,,,,,,,,,,0.09,300,-20,319,"-6,3%","-1,7%",5545,27,"27,3","0,49%","0,50%",5845,"0,12%","0,37%",27,1044,,14,6887,"0,2%","0,4%",,1.143,3%,,
21-01-21,150479,"0,3%","0,3%",131,126,5,,,,,,,,0.085324232,293,-7,314,"-2,3%","-1,6%",5570,25,"26,1","0,45%","0,48%",5863,"0,31%","0,37%",25,1050,,24,6911,"0,3%","0,4%",,1.113,2%,,
22-01-21,151061,"0,4%","0,3%",102,109,-7,,,,,,,,0.097222222,288,-5,309,"-1,7%","-1,4%",5598,28,"25,3","0,50%","0,46%",5886,"0,39%","0,36%",28,1059,,32,6943,"0,5%","0,4%",,1.091,3%,,
23-01-21,151663,"0,4%","0,3%",,,,,,,,,,,0.082191781,292,4,305,"1,4%","-1,4%",5622,24,"25,9","0,43%","0,47%",5914,"0,48%","0,37%",24,1066,,35,6978,"0,5%","0,4%",,1.069,2%,,
24-01-21,151980,"0,2%","0,3%",113,30,83,,,,,,,,0.083333333,288,-4,300,"-1,4%","-1,5%",5646,24,"25,3","0,43%","0,46%",5934,"0,34%","0,35%",24,1068,,22,7000,"0,3%","0,4%",,1.04,2%,,
25-01-21,152412,"0,3%","0,3%",115,123,-8,,,,,,,,0.087412587,286,-2,295,"-0,7%","-1,7%",5671,25,"26,1","0,44%","0,47%",5957,"0,39%","0,36%",25,1070,,25,7025,"0,4%","0,4%",,999,2%,,
26-01-21,153226,"0,5%","0,4%",150,131,19,,,,,,,,0.074204947,283,-3,290,"-1,0%","-1,7%",5692,21,"24,9","0,37%","0,44%",5975,"0,30%","0,33%",21,1080,,28,7053,"0,4%","0,4%",,962,2%,,
27-01-21,154083,"0,6%","0,4%",135,111,24,124,105,19,,,,,0.116788321,274,-9,286,"-3,2%","-1,3%",5724,32,"25,6","0,56%","0,45%",5998,"0,38%","0,37%",32,1090,,33,7086,"0,5%","0,4%",,936,3%,,
28-01-21,154796,"0,5%","0,4%",135,100,35,125,101,24,,,,,0.067164179,268,-6,283,"-2,2%","-1,3%",5742,18,"24,6","0,31%","0,44%",6010,"0,20%","0,35%",18,1095,,17,7103,"0,2%","0,4%",,904,2%,,
29-01-21,155678,"0,6%","0,4%",155,115,40,134,102,32,,,,,0.084615385,260,-8,279,"-3,0%","-1,4%",5764,22,"23,7","0,38%","0,42%",6024,"0,23%","0,33%",22,1099,,18,7121,"0,3%","0,4%",,883,2%,,
30-01-21,156473,"0,5%","0,4%",168,84,84,139,99,40,,,,,0.058365759,257,-3,274,"-1,2%","-1,8%",5779,15,"22,4","0,26%","0,39%",6036,"0,20%","0,29%",15,1106,,19,7140,"0,3%","0,3%",,858,1%,,
31-01-21,156957,"0,3%","0,5%",119,44,75,140,101,38,,,,,0.066666667,255,-2,269,"-0,8%","-1,7%",5796,17,"21,4","0,29%","0,38%",6051,"0,25%","0,28%",17,1113,,22,7162,"0,3%","0,3%",,839,2%,,
01-02-21,157495,"0,3%","0,5%",148,77,71,144,95,50,,,,,0.133064516,248,-7,264,"-2,7%","-2,0%",5829,33,"22,6","0,57%","0,39%",6077,"0,43%","0,29%",33,1121,,34,7196,"0,5%","0,3%",,818,3%,,
02-02-21,158716,"0,8%","0,5%",176,171,5,148,100,48,,,,,0.090163934,244,-4,258,"-1,6%","-2,1%",5851,22,"22,7","0,38%","0,39%",6095,"0,30%","0,28%",22,1131,,28,7224,"0,4%","0,3%",,800,2%,,
03-02-21,159866,"0,7%","0,5%",151,110,41,150,100,50,,,,,0.109756098,246,2,254,"0,8%","-1,5%",5878,27,"22,0","0,46%","0,38%",6124,"0,48%","0,30%",27,1138,,36,7260,"0,5%","0,3%",,779,2%,,
04-02-21,160935,"0,7%","0,6%",193,112,81,159,102,57,,,,,0.100401606,249,3,251,"1,2%","-1,0%",5903,25,"23,0","0,43%","0,40%",6152,"0,46%","0,33%",25,1149,,39,7299,"0,5%","0,4%",,757,2%,,
05-02-21,162130,"0,7%","0,6%",232,126,106,170,103,66,,,,,0.077235772,246,-3,249,"-1,2%","-0,8%",5922,19,"22,6","0,32%","0,39%",6168,"0,26%","0,34%",19,1155,,22,7321,"0,3%","0,4%",,727,2%,,
06-02-21,163213,"0,7%","0,6%",225,122,103,178,109,69,,,,,0.116465863,249,3,248,"1,2%","-0,4%",5951,29,"24,6","0,49%","0,42%",6200,"0,52%","0,38%",29,1161,,38,7359,"0,5%","0,4%",,724,2%,,
07-02-21,163946,"0,4%","0,6%",165,48,117,184,109,75,,,,,0.080152672,262,13,249,"5,2%","0,4%",5972,21,"25,1","0,35%","0,43%",6234,"0,55%","0,43%",21,1164,,37,7396,"0,5%","0,5%",,709,2%,,
08-02-21,164575,"0,4%","0,6%",208,123,85,193,116,77,,,,,0.09057971,276,14,253,"5,3%","1,6%",5997,25,"24,0","0,42%","0,41%",6273,"0,63%","0,45%",25,1169,,44,7440,"0,6%","0,5%",,695,2%,,
09-02-21,166067,"0,9%","0,6%",214,194,20,198,119,79,,,,,0.072202166,277,1,258,"0,4%","1,9%",6017,20,"23,7","0,33%","0,40%",6294,"0,33%","0,46%",20,1176,,28,7468,"0,4%","0,5%",,688,2%,,
10-02-21,167549,"0,9%","0,7%",238,157,81,211,126,85,,,,,0.059859155,284,7,263,"2,5%","2,1%",6034,17,"22,3","0,28%","0,37%",6318,"0,38%","0,45%",17,1185,,33,7501,"0,4%","0,5%",,680,1%,,
11-02-21,168872,"0,8%","0,7%",220,164,56,215,133,81,,,,,0.078291815,281,-3,268,"-1,1%","1,8%",6056,22,"21,9","0,36%","0,37%",6337,"0,30%","0,42%",22,1194,,28,7529,"0,4%","0,4%",,669,2%,,
12-02-21,170244,"0,8%","0,7%",254,171,83,218,140,78,,,,,0.071672355,293,12,275,"4,3%","2,6%",6077,21,"22,1","0,35%","0,37%",6370,"0,52%","0,46%",21,1204,,43,7572,"0,6%","0,5%",,656,2%,,
13-02-21,171466,"0,7%","0,7%",248,136,112,221,142,79,,,,,0.086666667,300,7,282,"2,4%","2,7%",6103,26,"21,7","0,43%","0,36%",6403,"0,52%","0,46%",26,1211,,40,7612,"0,5%","0,5%",,662,2%,,
14-02-21,172128,"0,4%","0,7%",201,43,158,226,141,85,,,,,0.07641196,301,1,287,"0,3%","2,0%",6126,23,"22,0","0,38%","0,36%",6427,"0,37%","0,44%",23,1218,,31,7643,"0,4%","0,5%",,657,2%,,
15-02-21,172824,"0,4%","0,7%",190,133,57,224,143,81,,,,,0.086956522,299,-2,291,"-0,7%","1,2%",6152,26,"22,1","0,42%","0,37%",6451,"0,37%","0,40%",26,1224,,30,7673,"0,4%","0,4%",,664,2%,,
16-02-21,173905,"0,6%","0,7%",211,141,70,223,135,88,,,,,0.093851133,309,10,295,"3,3%","1,6%",6181,29,"23,4","0,47%","0,38%",6490,"0,60%","0,44%",29,1231,,46,7719,"0,6%","0,5%",,663,2%,,
17-02-21,174659,"0,4%","0,6%",181,186,-5,215,139,76,,,,,0.041533546,313,4,299,"1,3%","1,4%",6194,13,"22,9","0,21%","0,37%",6507,"0,26%","0,42%",13,1231,,17,7736,"0,2%","0,4%",,649,1%,,
18-02-21,176059,"0,8%","0,6%",277,212,65,223,146,77,,,,,0.084375,320,7,305,"2,2%","1,9%",6221,27,"23,6","0,44%","0,38%",6541,"0,52%","0,45%",27,1256,,59,7795,"0,8%","0,5%",,651,2%,,
19-02-21,177494,"0,8%","0,6%",247,185,62,222,148,74,,,,,0.086153846,325,5,310,"1,6%","1,5%",6249,28,"24,6","0,45%","0,40%",6574,"0,50%","0,45%",28,1267,,44,7839,"0,6%","0,5%",,651,2%,,
20-02-21,178918,"0,8%","0,6%",259,146,113,224,149,74,,,,,0.070769231,325,0,313,"0,0%","1,2%",6272,23,"24,1","0,37%","0,39%",6597,"0,35%","0,43%",23,1270,,26,7865,"0,3%","0,5%",,650,2%,,
21-02-21,179802,"0,5%","0,6%",264,75,189,233,154,79,,,,,0.076687117,326,1,317,"0,3%","1,2%",6297,25,"24,4","0,40%","0,39%",6623,"0,39%","0,43%",25,1273,,29,7894,"0,4%","0,5%",,651,2%,,
22-02-21,180672,"0,5%","0,6%",299,176,123,248,160,88,,,,,0.069364162,346,20,323,"6,1%","2,1%",6321,24,"24,1","0,38%","0,39%",6667,"0,66%","0,47%",24,1280,,51,7945,"0,6%","0,5%",,650,2%,,
23-02-21,182783,"1,2%","0,7%",304,216,88,262,171,91,,,,,0.06162465,357,11,330,"3,2%","2,1%",6343,22,"23,1","0,35%","0,37%",6700,"0,49%","0,46%",22,1291,,44,7989,"0,6%","0,5%",,651,2%,,
24-02-21,184686,"1,0%","0,8%",292,265,27,277,182,95,,,,,0.078431373,357,0,337,"0,0%","1,9%",6371,28,"25,3","0,44%","0,40%",6728,"0,42%","0,48%",28,1299,,36,8025,"0,5%","0,5%",,647,2%,,
25-02-21,186469,"1,0%","0,8%",302,231,71,281,185,96,,,,,0.10626703,367,10,343,"2,8%","2,0%",6410,39,"27,0","0,61%","0,43%",6777,"0,73%","0,51%",39,1315,,65,8090,"0,8%","0,5%",,668,3%,,
26-02-21,188201,"0,9%","0,8%",346,202,144,295,187,108,,,,,0.078167116,371,4,350,"1,1%","1,9%",6439,29,"27,1","0,45%","0,43%",6810,"0,49%","0,51%",29,1326,,44,8134,"0,5%","0,5%",,675,2%,,
27-02-21,189831,"0,9%","0,8%",291,176,115,300,192,108,,,,,0.07651715,379,8,358,"2,2%","2,2%",6468,29,"28,0","0,45%","0,44%",6847,"0,54%","0,53%",29,1338,,49,8183,"0,6%","0,6%",,689,2%,,
28-02-21,191100,"0,7%","0,9%",259,73,186,299,191,108,,,,,0.092071611,391,12,367,"3,2%","2,6%",6504,36,"29,6","0,56%","0,46%",6895,"0,70%","0,58%",36,1341,,51,8234,"0,6%","0,6%",,708,3%,,
01-03-21,192270,"0,6%","0,9%",289,227,62,298,199,99,,,,,0.073891626,406,15,375,"3,8%","2,3%",6534,30,"30,4","0,46%","0,47%",6940,"0,65%","0,58%",30,1347,,51,8285,"0,6%","0,6%",,705,2%,,
02-03-21,194582,"1,2%","0,9%",394,235,159,310,201,109,,,,,0.05450237,422,16,385,"3,9%","2,4%",6557,23,"30,6","0,35%","0,48%",6979,"0,56%","0,58%",23,1347,,39,8324,"0,5%","0,6%",,706,2%,,
03-03-21,197279,"1,4%","0,9%",,,,,,,,,,,0.092807425,431,9,395,"2,1%","2,7%",6597,40,"32,3","0,61%","0,50%",7028,"0,70%","0,63%",40,1376,,78,8402,"0,9%","0,7%",,719,3%,,
04-03-21,199981,"1,4%","1,0%",,,,,,,,,,,0,449,0,404,"0,0%","2,3%",6597,0,"26,7","0,00%","0,41%",7028,"0,00%","0,52%",0,1376,,0,8402,"0,0%","0,5%",,694,0%,,
05-03-21,,,,,,,,,,,,,,,451,,,,,,,,,,,,,,,,,,,,,,,,
06-03-21,,,,,,,,,,,,,,,452,,,,,,,,,,,,,,,,,,,,,,,,
07-03-21,,,,,,,,,,,,,,,466,,,,,,,,,,,,,,,,,,,,,,,,
08-03-21,,,,,,,,,,,,,,,477,,,,,,,,,,,,,,,,,,,,,,,,
09-03-21,,,,,,,,,,,,,,,484,,,,,,,,,,,,,,,,,,,,,,,,
10-03-21,,,,,,,,,,,,,,,479,,,,,,,,,,,,,,,,,,,,,,,,
11-03-21,,,,,,,,,,,,,,,506,,,,,,,,,,,,,,,,,,,,,,,,
12-03-21,,,,,,,,,,,,,,,521,,,,,,,,,,,,,,,,,,,,,,,,
13-03-21,,,,,,,,,,,,,,,545,,,,,,,,,,,,,,,,,,,,,,,,
14-03-21,,,,,,,,,,,,,,,564,,,,,,,,,,,,,,,,,,,,,,,,
15-03-21,,,,,,,,,,,,,,,564,,,,,,,,,,,,,,,,,,,,,,,,
16-03-21,,,,,,,,,,,,,,,605,,,,,,,,,,,,,,,,,,,,,,,,
17-03-21,,,,,,,,,,,,,,,630,,,,,,,,,,,,,,,,,,,,,,,,
18-03-21,,,,,,,,,,,,,,,645,,,,,,,,,,,,,,,,,,,,,,,,
19-03-21,,,,,,,,,,,,,,,649,,,,,,,,,,,,,,,,,,,,,,,,
20-03-21,,,,,,,,,,,,,,,672,,,,,,,,,,,,,,,,,,,,,,,,
21-03-21,,,,,,,,,,,,,,,674,,,,,,,,,,,,,,,,,,,,,,,,
22-03-21,,,,,,,,,,,,,,,681,,,,,,,,,,,,,,,,,,,,,,,,
23-03-21,,,,,,,,,,,,,,,699,,,,,,,,,,,,,,,,,,,,,,,,
24-03-21,,,,,,,,,,,,,,,699,,,,,,,,,,,,,,,,,,,,,,,,
25-03-21,,,,,,,,,,,,,,,706,,,,,,,,,,,,,,,,,,,,,,,,
26-03-21,,,,,,,,,,,,,,,707,,,,,,,,,,,,,,,,,,,,,,,,
27-03-21,,,,,,,,,,,,,,,728,,,,,,,,,,,,,,,,,,,,,,,,
28-03-21,,,,,,,,,,,,,,,735,,,,,,,,,,,,,,,,,,,,,,,,
29-03-21,,,,,,,,,,,,,,,738,,,,,,,,,,,,,,,,,,,,,,,,
30-03-21,,,,,,,,,,,,,,,741,,,,,,,,,,,,,,,,,,,,,,,,
31-03-21,,,,,,,,,,,,,,,739,,,,,,,,,,,,,,,,,,,,,,,,
01-04-21,,,,,,,,,,,,,,,755,,,,,,,,,,,,,,,,,,,,,,,,
02-04-21,,,,,,,,,,,,,,,753,,,,,,,,,,,,,,,,,,,,,,,,
03-04-21,,,,,,,,,,,,,,,755,,,,,,,,,,,,,,,,,,,,,,,,
04-04-21,,,,,,,,,,,,,,,749,,,,,,,,,,,,,,,,,,,,,,,,
05-04-21,,,,,,,,,,,,,,,759,,,,,,,,,,,,,,,,,,,,,,,,
06-04-21,,,,,,,,,,,,,,,751,,,,,,,,,,,,,,,,,,,,,,,,
07-04-21,,,,,,,,,,,,,,,749,,,,,,,,,,,,,,,,,,,,,,,,
08-04-21,,,,,,,,,,,,,,,776,,,,,,,,,,,,,,,,,,,,,,,,
09-04-21,,,,,,,,,,,,,,,790,,,,,,,,,,,,,,,,,,,,,,,,
10-04-21,,,,,,,,,,,,,,,781,,,,,,,,,,,,,,,,,,,,,,,,
11-04-21,,,,,,,,,,,,,,,780,,,,,,,,,,,,,,,,,,,,,,,,
12-04-21,,,,,,,,,,,,,,,781,,,,,,,,,,,,,,,,,,,,,,,,
13-04-21,,,,,,,,,,,,,,,802,,,,,,,,,,,,,,,,,,,,,,,,
14-04-21,,,,,,,,,,,,,,,809,,,,,,,,,,,,,,,,,,,,,,,,
15-04-21,,,,,,,,,,,,,,,819,,,,,,,,,,,,,,,,,,,,,,,,
16-04-21,,,,,,,,,,,,,,,824,,,,,,,,,,,,,,,,,,,,,,,,
17-04-21,,,,,,,,,,,,,,,837,,,,,,,,,,,,,,,,,,,,,,,,
18-04-21,,,,,,,,,,,,,,,841,,,,,,,,,,,,,,,,,,,,,,,,
19-04-21,,,,,,,,,,,,,,,847,,,,,,,,,,,,,,,,,,,,,,,,
20-04-21,,,,,,,,,,,,,,,847,,,,,,,,,,,,,,,,,,,,,,,,
21-04-21,,,,,,,,,,,,,,,831,,,,,,,,,,,,,,,,,,,,,,,,
22-04-21,,,,,,,,,,,,,,,822,,,,,,,,,,,,,,,,,,,,,,,,
23-04-21,,,,,,,,,,,,,,,819,,,,,,,,,,,,,,,,,,,,,,,,
24-04-21,,,,,,,,,,,,,,,797,,,,,,,,,,,,,,,,,,,,,,,,
25-04-21,,,,,,,,,,,,,,,816,,,,,,,,,,,,,,,,,,,,,,,,
26-04-21,,,,,,,,,,,,,,,811,,,,,,,,,,,,,,,,,,,,,,,,
27-04-21,,,,,,,,,,,,,,,813,,,,,,,,,,,,,,,,,,,,,,,,
28-04-21,,,,,,,,,,,,,,,805,,,,,,,,,,,,,,,,,,,,,,,,
29-04-21,,,,,,,,,,,,,,,817,,,,,,,,,,,,,,,,,,,,,,,,
30-04-21,,,,,,,,,,,,,,,802,,,,,,,,,,,,,,,,,,,,,,,,
01-05-21,,,,,,,,,,,,,,,811,,,,,,,,,,,,,,,,,,,,,,,,
02-05-21,,,,,,,,,,,,,,,811,,,,,,,,,,,,,,,,,,,,,,,,
03-05-21,,,,,,,,,,,,,,,797,,,,,,,,,,,,,,,,,,,,,,,,
04-05-21,,,,,,,,,,,,,,,783,,,,,,,,,,,,,,,,,,,,,,,,
05-05-21,,,,,,,,,,,,,,,765,,,,,,,,,,,,,,,,,,,,,,,,
06-05-21,,,,,,,,,,,,,,,754,,,,,,,,,,,,,,,,,,,,,,,,
07-05-21,,,,,,,,,,,,,,,749,,,,,,,,,,,,,,,,,,,,,,,,
08-05-21,,,,,,,,,,,,,,,737,,,,,,,,,,,,,,,,,,,,,,,,
09-05-21,,,,,,,,,,,,,,,728,,,,,,,,,,,,,,,,,,,,,,,,
10-05-21,,,,,,,,,,,,,,,732,,,,,,,,,,,,,,,,,,,,,,,,
11-05-21,,,,,,,,,,,,,,,732,,,,,,,,,,,,,,,,,,,,,,,,
12-05-21,,,,,,,,,,,,,,,707,,,,,,,,,,,,,,,,,,,,,,,,
13-05-21,,,,,,,,,,,,,,,683,,,,,,,,,,,,,,,,,,,,,,,,
14-05-21,,,,,,,,,,,,,,,677,,,,,,,,,,,,,,,,,,,,,,,,
15-05-21,,,,,,,,,,,,,,,661,,,,,,,,,,,,,,,,,,,,,,,,
16-05-21,,,,,,,,,,,,,,,656,,,,,,,,,,,,,,,,,,,,,,,,
17-05-21,,,,,,,,,,,,,,,647,,,,,,,,,,,,,,,,,,,,,,,,
18-05-21,,,,,,,,,,,,,,,639,,,,,,,,,,,,,,,,,,,,,,,,
19-05-21,,,,,,,,,,,,,,,642,,,,,,,,,,,,,,,,,,,,,,,,
20-05-21,,,,,,,,,,,,,,,626,,,,,,,,,,,,,,,,,,,,,,,,
21-05-21,,,,,,,,,,,,,,,617,,,,,,,,,,,,,,,,,,,,,,,,
22-05-21,,,,,,,,,,,,,,,586,,,,,,,,,,,,,,,,,,,,,,,,
23-05-21,,,,,,,,,,,,,,,569,,,,,,,,,,,,,,,,,,,,,,,,
24-05-21,,,,,,,,,,,,,,,563,,,,,,,,,,,,,,,,,,,,,,,,
25-05-21,,,,,,,,,,,,,,,556,,,,,,,,,,,,,,,,,,,,,,,,
26-05-21,,,,,,,,,,,,,,,547,,,,,,,,,,,,,,,,,,,,,,,,
27-05-21,,,,,,,,,,,,,,,540,,,,,,,,,,,,,,,,,,,,,,,,
28-05-21,,,,,,,,,,,,,,,521,,,,,,,,,,,,,,,,,,,,,,,,
29-05-21,,,,,,,,,,,,,,,510,,,,,,,,,,,,,,,,,,,,,,,,
30-05-21,,,,,,,,,,,,,,,497,,,,,,,,,,,,,,,,,,,,,,,,
31-05-21,,,,,,,,,,,,,,,481,,,,,,,,,,,,,,,,,,,,,,,,
01-06-21,,,,,,,,,,,,,,,482,,,,,,,,,,,,,,,,,,,,,,,,
02-06-21,,,,,,,,,,,,,,,486,,,,,,,,,,,,,,,,,,,,,,,,
03-06-21,,,,,,,,,,,,,,,476,,,,,,,,,,,,,,,,,,,,,,,,
04-06-21,,,,,,,,,,,,,,,445,,,,,,,,,,,,,,,,,,,,,,,,
05-06-21,,,,,,,,,,,,,,,416,,,,,,,,,,,,,,,,,,,,,,,,
06-06-21,,,,,,,,,,,,,,,398,,,,,,,,,,,,,,,,,,,,,,,,
07-06-21,,,,,,,,,,,,,,,392,,,,,,,,,,,,,,,,,,,,,,,,
08-06-21,,,,,,,,,,,,,,,381,,,,,,,,,,,,,,,,,,,,,,,,
09-06-21,,,,,,,,,,,,,,,381,,,,,,,,,,,,,,,,,,,,,,,,
10-06-21,,,,,,,,,,,,,,,376,,,,,,,,,,,,,,,,,,,,,,,,
11-06-21,,,,,,,,,,,,,,,375,,,,,,,,,,,,,,,,,,,,,,,,
12-06-21,,,,,,,,,,,,,,,360,,,,,,,,,,,,,,,,,,,,,,,,
13-06-21,,,,,,,,,,,,,,,358,,,,,,,,,,,,,,,,,,,,,,,,
14-06-21,,,,,,,,,,,,,,,353,,,,,,,,,,,,,,,,,,,,,,,,
15-06-21,,,,,,,,,,,,,,,343,,,,,,,,,,,,,,,,,,,,,,,,
16-06-21,,,,,,,,,,,,,,,330,,,,,,,,,,,,,,,,,,,,,,,,
17-06-21,,,,,,,,,,,,,,,321,,,,,,,,,,,,,,,,,,,,,,,,
18-06-21,,,,,,,,,,,,,,,307,,,,,,,,,,,,,,,,,,,,,,,,
19-06-21,,,,,,,,,,,,,,,301,,,,,,,,,,,,,,,,,,,,,,,,
20-06-21,,,,,,,,,,,,,,,296,,,,,,,,,,,,,,,,,,,,,,,,
21-06-21,,,,,,,,,,,,,,,283,,,,,,,,,,,,,,,,,,,,,,,,
22-06-21,,,,,,,,,,,,,,,277,,,,,,,,,,,,,,,,,,,,,,,,
23-06-21,,,,,,,,,,,,,,,271,,,,,,,,,,,,,,,,,,,,,,,,
24-06-21,,,,,,,,,,,,,,,256,,,,,,,,,,,,,,,,,,,,,,,,
25-06-21,,,,,,,,,,,,,,,239,,,,,,,,,,,,,,,,,,,,,,,,
26-06-21,,,,,,,,,,,,,,,238,,,,,,,,,,,,,,,,,,,,,,,,
27-06-21,,,,,,,,,,,,,,,231,,,,,,,,,,,,,,,,,,,,,,,,
28-06-21,,,,,,,,,,,,,,,215,,,,,,,,,,,,,,,,,,,,,,,,
29-06-21,,,,,,,,,,,,,,,204,,,,,,,,,,,,,,,,,,,,,,,,
30-06-21,,,,,,,,,,,,,,,196,,,,,,,,,,,,,,,,,,,,,,,,
01-07-21,,,,,,,,,,,,,,,189,,,,,,,,,,,,,,,,,,,,,,,,
02-07-21,,,,,,,,,,,,,,,186,,,,,,,,,,,,,,,,,,,,,,,,
03-07-21,,,,,,,,,,,,,,,177,,,,,,,,,,,,,,,,,,,,,,,,
04-07-21,,,,,,,,,,,,,,,177,,,,,,,,,,,,,,,,,,,,,,,,
05-07-21,,,,,,,,,,,,,,,173,,,,,,,,,,,,,,,,,,,,,,,,
06-07-21,,,,,,,,,,,,,,,168,,,,,,,,,,,,,,,,,,,,,,,,
07-07-21,,,,,,,,,,,,,,,159,,,,,,,,,,,,,,,,,,,,,,,,
08-07-21,,,,,,,,,,,,,,,153,,,,,,,,,,,,,,,,,,,,,,,,
09-07-21,,,,,,,,,,,,,,,141,,,,,,,,,,,,,,,,,,,,,,,,
10-07-21,,,,,,,,,,,,,,,142,,,,,,,,,,,,,,,,,,,,,,,,
11-07-21,,,,,,,,,,,,,,,142,,,,,,,,,,,,,,,,,,,,,,,,
12-07-21,,,,,,,,,,,,,,,139,,,,,,,,,,,,,,,,,,,,,,,,
13-07-21,,,,,,,,,,,,,,,133,,,,,,,,,,,,,,,,,,,,,,,,
14-07-21,,,,,,,,,,,,,,,135,,,,,,,,,,,,,,,,,,,,,,,,
15-07-21,,,,,,,,,,,,,,,132,,,,,,,,,,,,,,,,,,,,,,,,
16-07-21,,,,,,,,,,,,,,,123,,,,,,,,,,,,,,,,,,,,,,,,
17-07-21,,,,,,,,,,,,,,,124,,,,,,,,,,,,,,,,,,,,,,,,
18-07-21,,,,,,,,,,,,,,,123,,,,,,,,,,,,,,,,,,,,,,,,
19-07-21,,,,,,,,,,,,,,,123,,,,,,,,,,,,,,,,,,,,,,,,
